Date,Open,High,Low,Close,Volume,Dividends,Stock Splits
2022-03-02 00:00:00+00:00,2.5,2.1500000953674316,1.75,2.25,209936,0.0,0.0
2022-03-03 00:00:00+00:00,2.25,2.240000009536743,2.240000009536743,2.25,25000,0.0,0.0
2022-03-04 00:00:00+00:00,2.25,2.5,2.0,2.25,1487626,0.0,0.0
2022-03-07 00:00:00+00:00,2.25,2.1700000762939453,2.0,2.25,218057,0.0,0.0
2022-03-08 00:00:00+00:00,2.25,2.0,1.850000023841858,1.899999976158142,190020,0.0,0.0
2022-03-09 00:00:00+00:00,1.899999976158142,1.975000023841858,1.7999999523162842,1.899999976158142,43569,0.0,0.0
2022-03-10 00:00:00+00:00,1.899999976158142,2.0299999713897705,1.899999976158142,2.0,90584,0.0,0.0
2022-03-11 00:00:00+00:00,2.0,2.0299999713897705,2.0299999713897705,2.0,20000,0.0,0.0
2022-03-14 00:00:00+00:00,2.0,2.0399999618530273,1.8899999856948853,1.8899999856948853,737356,0.0,0.0
2022-03-15 00:00:00+00:00,2.0,1.9299999475479126,1.899999976158142,2.0,65000,0.0,0.0
2022-03-16 00:00:00+00:00,2.0,2.0,1.899999976158142,2.0,439876,0.0,0.0
2022-03-17 00:00:00+00:00,2.0,2.0,1.899999976158142,2.0,150005,0.0,0.0
2022-03-18 00:00:00+00:00,2.0,1.899999976158142,1.899999976158142,2.0,120373,0.0,0.0
2022-03-21 00:00:00+00:00,2.0,1.899999976158142,1.7999999523162842,2.0,169260,0.0,0.0
2022-03-22 00:00:00+00:00,2.0,2.0,2.0,2.0,0,0.0,0.0
2022-03-23 00:00:00+00:00,2.0,1.937000036239624,1.937000036239624,2.0,4473,0.0,0.0
2022-03-24 00:00:00+00:00,2.0,2.0999999046325684,1.5,2.0,904995,0.0,0.0
2022-03-25 00:00:00+00:00,1.899999976158142,1.8700000047683716,1.8600000143051147,1.975000023841858,323583,0.0,0.0
2022-03-28 00:00:00+01:00,1.975000023841858,1.975000023841858,1.975000023841858,1.975000023841858,0,0.0,0.0
2022-03-29 00:00:00+01:00,1.975000023841858,1.940000057220459,1.850000023841858,1.975000023841858,16539,0.0,0.0
2022-03-30 00:00:00+01:00,1.975000023841858,1.940000057220459,1.850000023841858,1.975000023841858,151355,0.0,0.0
2022-03-31 00:00:00+01:00,1.975000023841858,1.850000023841858,1.850000023841858,1.975000023841858,25006,0.0,0.0
2022-04-01 00:00:00+01:00,1.975000023841858,1.937999963760376,1.9290000200271606,1.975000023841858,33010,0.0,0.0
2022-04-04 00:00:00+01:00,1.975000023841858,1.975000023841858,1.975000023841858,1.975000023841858,0,0.0,0.0
2022-04-05 00:00:00+01:00,1.975000023841858,1.975000023841858,1.975000023841858,1.975000023841858,0,0.0,0.0
2022-04-06 00:00:00+01:00,1.975000023841858,1.975000023841858,1.975000023841858,1.975000023841858,0,0.0,0.0
2022-04-07 00:00:00+01:00,1.975000023841858,1.975000023841858,1.975000023841858,1.975000023841858,0,0.0,0.0
2022-04-08 00:00:00+01:00,1.975000023841858,1.975000023841858,1.975000023841858,1.975000023841858,0,0.0,0.0
2022-04-11 00:00:00+01:00,1.975000023841858,1.975000023841858,1.975000023841858,1.975000023841858,0,0.0,0.0
2022-04-12 00:00:00+01:00,1.975000023841858,1.975000023841858,1.975000023841858,1.975000023841858,0,0.0,0.0
2022-04-13 00:00:00+01:00,1.975000023841858,1.975000023841858,1.975000023841858,1.975000023841858,0,0.0,0.0
2022-04-14 00:00:00+01:00,1.975000023841858,1.975000023841858,1.975000023841858,1.975000023841858,0,0.0,0.0
2022-04-19 00:00:00+01:00,1.975000023841858,1.909999966621399,1.850000023841858,1.850000023841858,212606,0.0,0.0
2022-04-20 00:00:00+01:00,1.850000023841858,1.7999999523162842,1.7999999523162842,1.850000023841858,70,0.0,0.0
2022-04-21 00:00:00+01:00,1.850000023841858,1.850000023841858,1.850000023841858,1.850000023841858,0,0.0,0.0
2022-04-22 00:00:00+01:00,1.850000023841858,1.7999999523162842,1.7999999523162842,1.850000023841858,21,0.0,0.0
2022-04-25 00:00:00+01:00,1.850000023841858,1.850000023841858,1.850000023841858,1.850000023841858,0,0.0,0.0
2022-04-26 00:00:00+01:00,1.850000023841858,1.850000023841858,1.850000023841858,1.850000023841858,0,0.0,0.0
2022-04-27 00:00:00+01:00,1.850000023841858,1.850000023841858,1.850000023841858,1.850000023841858,0,0.0,0.0
2022-04-28 00:00:00+01:00,1.850000023841858,1.850000023841858,1.850000023841858,1.850000023841858,0,0.0,0.0
2022-04-29 00:00:00+01:00,1.850000023841858,1.850000023841858,1.850000023841858,1.850000023841858,90001,0.0,0.0
2022-05-03 00:00:00+01:00,1.850000023841858,1.850000023841858,1.7999999523162842,1.850000023841858,134990,0.0,0.0
2022-05-04 00:00:00+01:00,1.850000023841858,1.8420000076293945,1.8420000076293945,1.850000023841858,29800,0.0,0.0
2022-05-05 00:00:00+01:00,1.8250000476837158,1.7999999523162842,1.7999999523162842,1.8250000476837158,50000,0.0,0.0
2022-05-06 00:00:00+01:00,1.8250000476837158,1.815000057220459,1.7000000476837158,1.75,153776,0.0,0.0
2022-05-09 00:00:00+01:00,1.75,1.7000000476837158,1.5,1.5499999523162842,250000,0.0,0.0
2022-05-10 00:00:00+01:00,1.5499999523162842,1.5499999523162842,1.5499999523162842,1.5499999523162842,0,0.0,0.0
2022-05-11 00:00:00+01:00,1.5499999523162842,1.6200000047683716,1.5800000429153442,1.6749999523162842,61182,0.0,0.0
2022-05-12 00:00:00+01:00,1.6749999523162842,1.6200000047683716,1.6200000047683716,1.6749999523162842,100,0.0,0.0
2022-05-13 00:00:00+01:00,1.6749999523162842,1.600000023841858,1.600000023841858,1.6749999523162842,4,0.0,0.0
2022-05-16 00:00:00+01:00,1.6749999523162842,1.6200000047683716,1.6200000047683716,1.6749999523162842,6141,0.0,0.0
2022-05-17 00:00:00+01:00,1.6749999523162842,1.6749999523162842,1.6749999523162842,1.6749999523162842,0,0.0,0.0
2022-05-18 00:00:00+01:00,1.6749999523162842,1.6200000047683716,1.600000023841858,1.6749999523162842,14924,0.0,0.0
2022-05-19 00:00:00+01:00,1.6749999523162842,1.600000023841858,1.600000023841858,1.6749999523162842,11,0.0,0.0
2022-05-20 00:00:00+01:00,1.6749999523162842,1.6749999523162842,1.600000023841858,1.6749999523162842,50332,0.0,0.0
2022-05-23 00:00:00+01:00,1.6749999523162842,1.621999979019165,1.621999979019165,1.6749999523162842,250000,0.0,0.0
2022-05-24 00:00:00+01:00,1.6749999523162842,1.6749999523162842,1.6749999523162842,1.6749999523162842,0,0.0,0.0
2022-05-25 00:00:00+01:00,1.6749999523162842,1.600000023841858,1.600000023841858,1.6749999523162842,80000,0.0,0.0
2022-05-26 00:00:00+01:00,1.6749999523162842,1.6749999523162842,1.6200000047683716,1.6749999523162842,165269,0.0,0.0
2022-05-27 00:00:00+01:00,1.6749999523162842,1.6749999523162842,1.6749999523162842,1.6749999523162842,0,0.0,0.0
2022-05-30 00:00:00+01:00,1.6749999523162842,1.6749999523162842,1.6749999523162842,1.6749999523162842,0,0.0,0.0
2022-05-31 00:00:00+01:00,1.6749999523162842,1.6749999523162842,1.6749999523162842,1.6749999523162842,0,0.0,0.0
2022-06-01 00:00:00+01:00,1.6749999523162842,1.6749999523162842,1.6749999523162842,1.6749999523162842,0,0.0,0.0
2022-06-06 00:00:00+01:00,1.6749999523162842,1.6749999523162842,1.6749999523162842,1.6749999523162842,0,0.0,0.0
2022-06-07 00:00:00+01:00,1.6749999523162842,1.649999976158142,1.6150000095367432,1.6749999523162842,285000,0.0,0.0
2022-06-08 00:00:00+01:00,1.6749999523162842,1.6749999523162842,1.6749999523162842,1.6749999523162842,0,0.0,0.0
2022-06-09 00:00:00+01:00,1.6749999523162842,1.6749999523162842,1.6749999523162842,1.6749999523162842,0,0.0,0.0
2022-06-10 00:00:00+01:00,1.6749999523162842,1.6200000047683716,1.6200000047683716,1.6749999523162842,3627,0.0,0.0
2022-06-13 00:00:00+01:00,1.6749999523162842,1.600000023841858,1.600000023841858,1.6749999523162842,120,0.0,0.0
2022-06-14 00:00:00+01:00,1.6749999523162842,1.6749999523162842,1.6749999523162842,1.6749999523162842,0,0.0,0.0
2022-06-15 00:00:00+01:00,1.6749999523162842,1.6749999523162842,1.6749999523162842,1.6749999523162842,0,0.0,0.0
2022-06-16 00:00:00+01:00,1.6749999523162842,1.6749999523162842,1.6749999523162842,1.6749999523162842,0,0.0,0.0
2022-06-17 00:00:00+01:00,1.6749999523162842,1.600000023841858,1.5,1.5750000476837158,100007,0.0,0.0
2022-06-20 00:00:00+01:00,1.5750000476837158,1.5750000476837158,1.5750000476837158,1.5750000476837158,0,0.0,0.0
2022-06-21 00:00:00+01:00,1.5750000476837158,1.5,1.5,1.475000023841858,100000,0.0,0.0
2022-06-22 00:00:00+01:00,1.475000023841858,1.475000023841858,1.475000023841858,1.475000023841858,0,0.0,0.0
2022-06-23 00:00:00+01:00,1.475000023841858,1.4500000476837158,1.4500000476837158,1.475000023841858,16133,0.0,0.0
2022-06-24 00:00:00+01:00,1.475000023841858,1.475000023841858,1.475000023841858,1.475000023841858,0,0.0,0.0
2022-06-27 00:00:00+01:00,1.475000023841858,1.4500000476837158,1.4500000476837158,1.475000023841858,8,0.0,0.0
2022-06-28 00:00:00+01:00,1.475000023841858,1.4500000476837158,1.3200000524520874,1.3250000476837158,205000,0.0,0.0
2022-06-29 00:00:00+01:00,1.3250000476837158,1.3250000476837158,1.3250000476837158,1.3250000476837158,0,0.0,0.0
2022-06-30 00:00:00+01:00,1.3250000476837158,1.3250000476837158,1.3250000476837158,1.3250000476837158,0,0.0,0.0
2022-07-01 00:00:00+01:00,1.3250000476837158,1.350000023841858,1.25,1.3250000476837158,11505,0.0,0.0
2022-07-04 00:00:00+01:00,1.3250000476837158,1.3250000476837158,1.3250000476837158,1.3250000476837158,0,0.0,0.0
2022-07-05 00:00:00+01:00,1.3250000476837158,1.350000023841858,1.2999999523162842,1.350000023841858,31384,0.0,0.0
2022-07-06 00:00:00+01:00,1.350000023841858,1.2999999523162842,1.2999999523162842,1.3250000476837158,50000,0.0,0.0
2022-07-07 00:00:00+01:00,1.3250000476837158,1.399999976158142,1.399999976158142,1.3250000476837158,6000,0.0,0.0
2022-07-08 00:00:00+01:00,1.3250000476837158,1.3250000476837158,1.3250000476837158,1.3250000476837158,0,0.0,0.0
2022-07-11 00:00:00+01:00,1.3250000476837158,1.3600000143051147,1.25,1.3250000476837158,17047,0.0,0.0
2022-07-12 00:00:00+01:00,1.3250000476837158,1.25,1.25,1.3250000476837158,5000,0.0,0.0
2022-07-13 00:00:00+01:00,1.3250000476837158,1.3250000476837158,1.3250000476837158,1.3250000476837158,0,0.0,0.0
2022-07-14 00:00:00+01:00,1.3250000476837158,1.3250000476837158,1.3250000476837158,1.3250000476837158,0,0.0,0.0
2022-07-15 00:00:00+01:00,1.3250000476837158,1.3250000476837158,1.3250000476837158,1.3250000476837158,0,0.0,0.0
2022-07-18 00:00:00+01:00,1.3250000476837158,1.25,1.159999966621399,1.225000023841858,396036,0.0,0.0
2022-07-19 00:00:00+01:00,1.225000023841858,1.149999976158142,1.149999976158142,1.225000023841858,6,0.0,0.0
2022-07-20 00:00:00+01:00,1.225000023841858,1.225000023841858,1.225000023841858,1.225000023841858,0,0.0,0.0
2022-07-21 00:00:00+01:00,1.225000023841858,1.2999999523162842,1.2999999523162842,1.225000023841858,50000,0.0,0.0
2022-07-22 00:00:00+01:00,1.25,1.3250000476837158,1.2000000476837158,1.25,12405,0.0,0.0
2022-07-25 00:00:00+01:00,1.25,1.25,1.25,1.25,0,0.0,0.0
2022-07-26 00:00:00+01:00,1.25,1.2000000476837158,1.2000000476837158,1.25,19,0.0,0.0
2022-07-27 00:00:00+01:00,1.25,1.25,1.25,1.25,0,0.0,0.0
2022-07-28 00:00:00+01:00,1.25,1.3200000524520874,1.3200000524520874,1.2999999523162842,7635,0.0,0.0
2022-07-29 00:00:00+01:00,1.2999999523162842,1.2000000476837158,1.2000000476837158,1.2999999523162842,269,0.0,0.0
2022-08-01 00:00:00+01:00,1.2999999523162842,1.2999999523162842,1.2999999523162842,1.2999999523162842,0,0.0,0.0
2022-08-02 00:00:00+01:00,1.2999999523162842,1.2999999523162842,1.2999999523162842,1.2999999523162842,0,0.0,0.0
2022-08-03 00:00:00+01:00,1.2999999523162842,1.2999999523162842,1.2999999523162842,1.2999999523162842,0,0.0,0.0
2022-08-04 00:00:00+01:00,1.2999999523162842,1.399999976158142,1.399999976158142,1.2999999523162842,11000,0.0,0.0
2022-08-05 00:00:00+01:00,1.2999999523162842,1.2999999523162842,1.2999999523162842,1.2999999523162842,0,0.0,0.0
2022-08-08 00:00:00+01:00,1.2999999523162842,1.2000000476837158,1.2000000476837158,1.2999999523162842,116,0.0,0.0
2022-08-09 00:00:00+01:00,1.2999999523162842,1.2999999523162842,1.2999999523162842,1.2999999523162842,0,0.0,0.0
2022-08-10 00:00:00+01:00,1.2999999523162842,1.2999999523162842,1.2999999523162842,1.2999999523162842,0,0.0,0.0
2022-08-11 00:00:00+01:00,1.2999999523162842,1.2999999523162842,1.2999999523162842,1.2999999523162842,0,0.0,0.0
2022-08-12 00:00:00+01:00,1.2999999523162842,1.2999999523162842,1.2999999523162842,1.2999999523162842,0,0.0,0.0
2022-08-15 00:00:00+01:00,1.2999999523162842,1.2999999523162842,1.2999999523162842,1.2999999523162842,0,0.0,0.0
2022-08-16 00:00:00+01:00,1.2999999523162842,1.2999999523162842,1.2999999523162842,1.2999999523162842,0,0.0,0.0
2022-08-17 00:00:00+01:00,1.2999999523162842,1.2999999523162842,1.2999999523162842,1.2999999523162842,0,0.0,0.0
2022-08-18 00:00:00+01:00,1.2999999523162842,1.350000023841858,1.350000023841858,1.2999999523162842,69217,0.0,0.0
2022-08-19 00:00:00+01:00,1.2999999523162842,1.2999999523162842,1.2999999523162842,1.2999999523162842,0,0.0,0.0
2022-08-22 00:00:00+01:00,1.2999999523162842,1.2200000286102295,1.2200000286102295,1.2999999523162842,136,0.0,0.0
2022-08-23 00:00:00+01:00,1.2999999523162842,1.350000023841858,1.3029999732971191,1.350000023841858,183721,0.0,0.0
2022-08-24 00:00:00+01:00,1.350000023841858,1.350000023841858,1.350000023841858,1.350000023841858,0,0.0,0.0
2022-08-25 00:00:00+01:00,1.350000023841858,1.25,1.25,1.350000023841858,2,0.0,0.0
2022-08-26 00:00:00+01:00,1.350000023841858,1.350000023841858,1.350000023841858,1.350000023841858,0,0.0,0.0
2022-08-30 00:00:00+01:00,1.350000023841858,1.25,1.25,1.350000023841858,2005,0.0,0.0
2022-08-31 00:00:00+01:00,1.350000023841858,1.25,1.25,1.350000023841858,3000,0.0,0.0
2022-09-01 00:00:00+01:00,1.350000023841858,1.350000023841858,1.350000023841858,1.350000023841858,0,0.0,0.0
2022-09-02 00:00:00+01:00,1.350000023841858,1.350000023841858,1.350000023841858,1.350000023841858,0,0.0,0.0
2022-09-05 00:00:00+01:00,1.350000023841858,1.350000023841858,1.350000023841858,1.350000023841858,0,0.0,0.0
2022-09-06 00:00:00+01:00,1.350000023841858,1.25,1.25,1.3250000476837158,150000,0.0,0.0
2022-09-07 00:00:00+01:00,1.3250000476837158,1.2999999523162842,1.25,1.3250000476837158,250002,0.0,0.0
2022-09-08 00:00:00+01:00,1.3250000476837158,1.3250000476837158,1.3250000476837158,1.3250000476837158,0,0.0,0.0
2022-09-09 00:00:00+01:00,1.3250000476837158,1.3250000476837158,1.3250000476837158,1.3250000476837158,0,0.0,0.0
2022-09-12 00:00:00+01:00,1.3250000476837158,1.3250000476837158,1.3250000476837158,1.3250000476837158,0,0.0,0.0
2022-09-13 00:00:00+01:00,1.3250000476837158,1.3700000047683716,1.3700000047683716,1.3250000476837158,6830,0.0,0.0
2022-09-14 00:00:00+01:00,1.3250000476837158,1.3250000476837158,1.3250000476837158,1.3250000476837158,0,0.0,0.0
2022-09-15 00:00:00+01:00,1.3250000476837158,1.3250000476837158,1.3250000476837158,1.3250000476837158,0,0.0,0.0
2022-09-16 00:00:00+01:00,1.3250000476837158,1.399999976158142,1.399999976158142,1.3250000476837158,200000,0.0,0.0
2022-09-20 00:00:00+01:00,1.2999999523162842,1.25,1.25,1.3250000476837158,100000,0.0,0.0
2022-09-21 00:00:00+01:00,1.3250000476837158,1.3250000476837158,1.3250000476837158,1.3250000476837158,0,0.0,0.0
2022-09-22 00:00:00+01:00,1.3250000476837158,1.3250000476837158,1.3250000476837158,1.3250000476837158,0,0.0,0.0
2022-09-23 00:00:00+01:00,1.3250000476837158,1.2999999523162842,1.25,1.3250000476837158,247689,0.0,0.0
2022-09-26 00:00:00+01:00,1.3250000476837158,1.3250000476837158,1.3250000476837158,1.3250000476837158,0,0.0,0.0
2022-09-27 00:00:00+01:00,1.3250000476837158,1.3250000476837158,1.3250000476837158,1.3250000476837158,0,0.0,0.0
2022-09-28 00:00:00+01:00,1.3250000476837158,1.25,1.25,1.3250000476837158,50000,0.0,0.0
2022-09-29 00:00:00+01:00,1.3250000476837158,1.100000023841858,1.100000023841858,1.2999999523162842,200000,0.0,0.0
2022-09-30 00:00:00+01:00,1.2999999523162842,1.2400000095367432,1.2000000476837158,1.2999999523162842,5622,0.0,0.0
2022-10-03 00:00:00+01:00,1.2999999523162842,1.2999999523162842,1.2999999523162842,1.2999999523162842,0,0.0,0.0
2022-10-04 00:00:00+01:00,1.2999999523162842,1.2999999523162842,1.2999999523162842,1.2999999523162842,0,0.0,0.0
2022-10-05 00:00:00+01:00,1.2999999523162842,1.2999999523162842,1.2999999523162842,1.2999999523162842,0,0.0,0.0
2022-10-06 00:00:00+01:00,1.2999999523162842,1.2999999523162842,1.2999999523162842,1.2999999523162842,0,0.0,0.0
2022-10-07 00:00:00+01:00,1.2999999523162842,1.2999999523162842,1.2999999523162842,1.2999999523162842,0,0.0,0.0
2022-10-10 00:00:00+01:00,1.2999999523162842,1.2000000476837158,1.2000000476837158,1.2999999523162842,40,0.0,0.0
2022-10-11 00:00:00+01:00,1.2999999523162842,1.2999999523162842,1.2999999523162842,1.2999999523162842,0,0.0,0.0
2022-10-12 00:00:00+01:00,1.2999999523162842,1.2999999523162842,1.2999999523162842,1.2999999523162842,0,0.0,0.0
2022-10-13 00:00:00+01:00,1.2999999523162842,1.2400000095367432,1.2400000095367432,1.2999999523162842,30000,0.0,0.0
2022-10-14 00:00:00+01:00,1.2999999523162842,1.2999999523162842,1.2999999523162842,1.2999999523162842,0,0.0,0.0
2022-10-17 00:00:00+01:00,1.2999999523162842,1.2999999523162842,1.2999999523162842,1.2999999523162842,0,0.0,0.0
2022-10-18 00:00:00+01:00,1.2999999523162842,1.2999999523162842,1.2999999523162842,1.2999999523162842,0,0.0,0.0
2022-10-19 00:00:00+01:00,1.2999999523162842,1.2400000095367432,1.2400000095367432,1.2999999523162842,250000,0.0,0.0
2022-10-20 00:00:00+01:00,1.2999999523162842,1.2999999523162842,1.2999999523162842,1.2999999523162842,0,0.0,0.0
2022-10-21 00:00:00+01:00,1.2999999523162842,1.2000000476837158,1.2000000476837158,1.2999999523162842,531,0.0,0.0
2022-10-24 00:00:00+01:00,1.2999999523162842,1.2000000476837158,1.2000000476837158,1.2999999523162842,200,0.0,0.0
2022-10-25 00:00:00+01:00,1.2999999523162842,1.2999999523162842,1.2999999523162842,1.2999999523162842,0,0.0,0.0
2022-10-26 00:00:00+01:00,1.2999999523162842,1.2999999523162842,1.2999999523162842,1.2999999523162842,0,0.0,0.0
2022-10-27 00:00:00+01:00,1.2999999523162842,1.2000000476837158,1.2000000476837158,1.2999999523162842,33,0.0,0.0
2022-10-28 00:00:00+01:00,1.2999999523162842,1.2999999523162842,1.2999999523162842,1.2999999523162842,0,0.0,0.0
2022-10-31 00:00:00+00:00,1.2999999523162842,1.2999999523162842,1.2999999523162842,1.2999999523162842,0,0.0,0.0
2022-11-01 00:00:00+00:00,1.2999999523162842,1.2999999523162842,1.2999999523162842,1.2999999523162842,0,0.0,0.0
2022-11-02 00:00:00+00:00,1.2999999523162842,1.2999999523162842,1.2999999523162842,1.2999999523162842,0,0.0,0.0
2022-11-03 00:00:00+00:00,1.2999999523162842,1.2999999523162842,1.2999999523162842,1.2999999523162842,0,0.0,0.0
2022-11-04 00:00:00+00:00,1.2999999523162842,1.2999999523162842,1.2999999523162842,1.2999999523162842,0,0.0,0.0
2022-11-07 00:00:00+00:00,1.2999999523162842,1.2000000476837158,1.2000000476837158,1.2999999523162842,30000,0.0,0.0
2022-11-08 00:00:00+00:00,1.2999999523162842,1.2000000476837158,1.2000000476837158,1.2999999523162842,6,0.0,0.0
2022-11-09 00:00:00+00:00,1.2999999523162842,1.2400000095367432,1.2400000095367432,1.2999999523162842,8064,0.0,0.0
2022-11-10 00:00:00+00:00,1.2999999523162842,1.2000000476837158,1.2000000476837158,1.2999999523162842,1,0.0,0.0
2022-11-11 00:00:00+00:00,1.2999999523162842,1.2999999523162842,1.2999999523162842,1.2999999523162842,0,0.0,0.0
2022-11-14 00:00:00+00:00,1.2999999523162842,1.2999999523162842,1.2999999523162842,1.2999999523162842,0,0.0,0.0
2022-11-15 00:00:00+00:00,1.2999999523162842,1.2999999523162842,1.2999999523162842,1.2999999523162842,0,0.0,0.0
2022-11-16 00:00:00+00:00,1.2999999523162842,1.2020000219345093,1.2020000219345093,1.2999999523162842,11,0.0,0.0
2022-11-17 00:00:00+00:00,1.2999999523162842,1.399999976158142,1.2000000476837158,1.399999976158142,44861,0.0,0.0
2022-11-18 00:00:00+00:00,1.2999999523162842,1.3200000524520874,1.2000000476837158,1.2999999523162842,30447,0.0,0.0
2022-11-21 00:00:00+00:00,1.2999999523162842,1.2400000095367432,1.2020000219345093,1.2999999523162842,80034,0.0,0.0
2022-11-22 00:00:00+00:00,1.2999999523162842,1.2999999523162842,1.2999999523162842,1.2999999523162842,0,0.0,0.0
2022-11-23 00:00:00+00:00,1.2999999523162842,1.2400000095367432,1.2000000476837158,1.2999999523162842,43214,0.0,0.0
2022-11-24 00:00:00+00:00,1.2999999523162842,1.2400000095367432,1.2400000095367432,1.2999999523162842,3214,0.0,0.0
2022-11-25 00:00:00+00:00,1.2999999523162842,1.2999999523162842,1.2999999523162842,1.2999999523162842,0,0.0,0.0
2022-11-28 00:00:00+00:00,1.2999999523162842,1.2999999523162842,1.2999999523162842,1.2999999523162842,0,0.0,0.0
2022-11-29 00:00:00+00:00,1.2999999523162842,1.3200000524520874,1.2400000095367432,1.3250000476837158,1499445,0.0,0.0
2022-11-30 00:00:00+00:00,1.3250000476837158,1.343999981880188,1.343999981880188,1.3250000476837158,29911,0.0,0.0
2022-12-01 00:00:00+00:00,1.3250000476837158,1.340000033378601,1.340000033378601,1.3250000476837158,500000,0.0,0.0
2022-12-02 00:00:00+00:00,1.3250000476837158,1.350000023841858,1.350000023841858,1.3250000476837158,500000,0.0,0.0
2022-12-05 00:00:00+00:00,1.3250000476837158,1.2799999713897705,1.2799999713897705,1.350000023841858,1698013,0.0,0.0
2022-12-06 00:00:00+00:00,1.350000023841858,1.399999976158142,1.399999976158142,1.399999976158142,125000,0.0,0.0
2022-12-07 00:00:00+00:00,1.399999976158142,1.4800000190734863,1.3420000076293945,1.399999976158142,1004054,0.0,0.0
2022-12-08 00:00:00+00:00,1.399999976158142,1.3200000524520874,1.3200000524520874,1.399999976158142,1457,0.0,0.0
2022-12-09 00:00:00+00:00,1.399999976158142,1.3200000524520874,1.3200000524520874,1.399999976158142,100000,0.0,0.0
2022-12-12 00:00:00+00:00,1.399999976158142,1.399999976158142,1.399999976158142,1.399999976158142,0,0.0,0.0
2022-12-13 00:00:00+00:00,1.399999976158142,1.3200000524520874,1.2000000476837158,1.350000023841858,103019,0.0,0.0
2022-12-14 00:00:00+00:00,1.350000023841858,1.350000023841858,1.350000023841858,1.350000023841858,0,0.0,0.0
2022-12-15 00:00:00+00:00,1.350000023841858,1.350000023841858,1.350000023841858,1.350000023841858,0,0.0,0.0
2022-12-16 00:00:00+00:00,1.350000023841858,1.350000023841858,1.350000023841858,1.350000023841858,0,0.0,0.0
2022-12-19 00:00:00+00:00,1.350000023841858,1.2999999523162842,1.2999999523162842,1.350000023841858,500000,0.0,0.0
2022-12-20 00:00:00+00:00,1.350000023841858,1.350000023841858,1.350000023841858,1.350000023841858,0,0.0,0.0
2022-12-21 00:00:00+00:00,1.350000023841858,1.2999999523162842,1.2999999523162842,1.350000023841858,3,0.0,0.0
2022-12-22 00:00:00+00:00,1.350000023841858,1.350000023841858,1.350000023841858,1.350000023841858,0,0.0,0.0
2022-12-23 00:00:00+00:00,1.350000023841858,1.350000023841858,1.350000023841858,1.350000023841858,0,0.0,0.0
2022-12-28 00:00:00+00:00,1.350000023841858,1.2999999523162842,1.2999999523162842,1.350000023841858,3,0.0,0.0
2022-12-29 00:00:00+00:00,1.350000023841858,1.350000023841858,1.350000023841858,1.350000023841858,0,0.0,0.0
2022-12-30 00:00:00+00:00,1.350000023841858,1.350000023841858,1.350000023841858,1.350000023841858,0,0.0,0.0
2023-01-03 00:00:00+00:00,1.350000023841858,1.2200000286102295,1.2200000286102295,1.350000023841858,250000,0.0,0.0
2023-01-04 00:00:00+00:00,1.350000023841858,1.350000023841858,1.350000023841858,1.350000023841858,0,0.0,0.0
2023-01-05 00:00:00+00:00,1.350000023841858,1.309999942779541,1.309999942779541,1.350000023841858,40000,0.0,0.0
2023-01-06 00:00:00+00:00,1.350000023841858,1.350000023841858,1.350000023841858,1.350000023841858,0,0.0,0.0
2023-01-09 00:00:00+00:00,1.350000023841858,1.350000023841858,1.350000023841858,1.350000023841858,0,0.0,0.0
2023-01-10 00:00:00+00:00,1.350000023841858,1.350000023841858,1.350000023841858,1.350000023841858,0,0.0,0.0
2023-01-11 00:00:00+00:00,1.350000023841858,1.399999976158142,1.343999981880188,1.399999976158142,1404516,0.0,0.0
2023-01-12 00:00:00+00:00,1.399999976158142,1.593999981880188,1.350000023841858,1.5,2630461,0.0,0.0
2023-01-13 00:00:00+00:00,1.5,1.6990000009536743,1.5889999866485596,1.600000023841858,1020273,0.0,0.0
2023-01-16 00:00:00+00:00,1.600000023841858,1.690000057220459,1.5499999523162842,1.625,98903,0.0,0.0
2023-01-17 00:00:00+00:00,1.625,1.6699999570846558,1.5700000524520874,1.625,392401,0.0,0.0
2023-01-18 00:00:00+00:00,1.625,1.7000000476837158,1.7000000476837158,1.649999976158142,200000,0.0,0.0
2023-01-19 00:00:00+00:00,1.649999976158142,1.649999976158142,1.649999976158142,1.649999976158142,0,0.0,0.0
2023-01-20 00:00:00+00:00,1.649999976158142,1.6540000438690186,1.600000023841858,1.649999976158142,159334,0.0,0.0
2023-01-23 00:00:00+00:00,1.649999976158142,1.6540000438690186,1.6540000438690186,1.649999976158142,100000,0.0,0.0
2023-01-24 00:00:00+00:00,1.649999976158142,1.6799999475479126,1.600000023841858,1.7000000476837158,297866,0.0,0.0
2023-01-25 00:00:00+00:00,1.7000000476837158,1.7899999618530273,1.7000000476837158,1.75,585000,0.0,0.0
2023-01-26 00:00:00+00:00,1.75,1.9700000286102295,1.7899999618530273,1.899999976158142,1398312,0.0,0.0
2023-01-27 00:00:00+00:00,1.899999976158142,2.3499999046325684,1.9900000095367432,2.200000047683716,1871953,0.0,0.0
2023-01-30 00:00:00+00:00,2.200000047683716,2.5,2.200000047683716,2.450000047683716,1939539,0.0,0.0
2023-01-31 00:00:00+00:00,2.450000047683716,2.3949999809265137,2.140000104904175,2.299999952316284,1428507,0.0,0.0
2023-02-01 00:00:00+00:00,2.299999952316284,2.549999952316284,2.259999990463257,2.4000000953674316,1061931,0.0,0.0
2023-02-02 00:00:00+00:00,2.4000000953674316,2.5,2.200000047683716,2.4000000953674316,79915,0.0,0.0
2023-02-03 00:00:00+00:00,2.4000000953674316,2.200000047683716,2.200000047683716,2.4000000953674316,6830,0.0,0.0
2023-02-06 00:00:00+00:00,2.4000000953674316,2.680000066757202,2.200000047683716,2.5799999237060547,1873275,0.0,0.0
2023-02-07 00:00:00+00:00,2.5,2.674999952316284,2.421999931335449,2.5,73862,0.0,0.0
2023-02-08 00:00:00+00:00,2.5,2.5,2.5,2.5,0,0.0,0.0
2023-02-09 00:00:00+00:00,2.5,2.5999999046325684,2.5799999237060547,2.5,253806,0.0,0.0
2023-02-10 00:00:00+00:00,2.5,2.619999885559082,2.3399999141693115,2.5,1155848,0.0,0.0
2023-02-13 00:00:00+00:00,2.5,2.3499999046325684,2.3499999046325684,2.5,50,0.0,0.0
2023-02-14 00:00:00+00:00,2.5,2.5999999046325684,2.5999999046325684,2.5,150000,0.0,0.0
2023-02-15 00:00:00+00:00,2.5,2.5,2.5,2.5,0,0.0,0.0
2023-02-16 00:00:00+00:00,2.5,2.6500000953674316,2.6500000953674316,2.5,36742,0.0,0.0
2023-02-17 00:00:00+00:00,2.5,2.319999933242798,2.319999933242798,2.5,441,0.0,0.0
2023-02-20 00:00:00+00:00,2.5,2.319999933242798,2.319999933242798,2.5,60807,0.0,0.0
2023-02-21 00:00:00+00:00,2.5,2.319999933242798,2.319999933242798,2.5,19890,0.0,0.0
2023-02-22 00:00:00+00:00,2.5,2.5,2.5,2.5,0,0.0,0.0
2023-02-23 00:00:00+00:00,2.5,2.5399999618530273,2.5399999618530273,2.5,195870,0.0,0.0
2023-02-24 00:00:00+00:00,2.5,2.5399999618530273,2.200000047683716,2.3499999046325684,404258,0.0,0.0
2023-02-27 00:00:00+00:00,2.3499999046325684,2.4700000286102295,2.299999952316284,2.3499999046325684,550000,0.0,0.0
2023-02-28 00:00:00+00:00,2.3499999046325684,2.255000114440918,2.1500000953674316,2.3499999046325684,193044,0.0,0.0
2023-03-01 00:00:00+00:00,2.3499999046325684,2.255000114440918,2.2100000381469727,2.3499999046325684,100112,0.0,0.0
2023-03-02 00:00:00+00:00,2.3499999046325684,2.359999895095825,2.0299999713897705,2.1500000953674316,214343,0.0,0.0
2023-03-03 00:00:00+00:00,2.1500000953674316,2.1500000953674316,2.049999952316284,2.1500000953674316,250010,0.0,0.0
2023-03-06 00:00:00+00:00,2.1500000953674316,2.200000047683716,2.0,2.1500000953674316,1100000,0.0,0.0
2023-03-07 00:00:00+00:00,2.1500000953674316,2.200000047683716,2.065000057220459,2.1500000953674316,40224,0.0,0.0
2023-03-08 00:00:00+00:00,2.1500000953674316,2.0,2.0,2.1500000953674316,1531,0.0,0.0
2023-03-09 00:00:00+00:00,2.1500000953674316,2.1500000953674316,2.1500000953674316,2.1500000953674316,0,0.0,0.0
2023-03-10 00:00:00+00:00,2.0999999046325684,1.899999976158142,1.899999976158142,2.0999999046325684,83,0.0,0.0
2023-03-13 00:00:00+00:00,2.0999999046325684,1.9700000286102295,1.899999976158142,1.9500000476837158,53502,0.0,0.0
2023-03-14 00:00:00+00:00,1.9500000476837158,2.049999952316284,1.9700000286102295,2.0999999046325684,72329,0.0,0.0
2023-03-15 00:00:00+00:00,2.0999999046325684,2.299999952316284,1.909999966621399,2.0999999046325684,204746,0.0,0.0
2023-03-16 00:00:00+00:00,2.0999999046325684,2.059999942779541,2.059999942779541,2.0999999046325684,30000,0.0,0.0
2023-03-17 00:00:00+00:00,2.0999999046325684,2.0999999046325684,2.0999999046325684,2.0999999046325684,0,0.0,0.0
2023-03-20 00:00:00+00:00,2.0999999046325684,2.0999999046325684,2.0999999046325684,2.0999999046325684,0,0.0,0.0
2023-03-21 00:00:00+00:00,2.0999999046325684,2.072000026702881,2.072000026702881,2.0999999046325684,63061,0.0,0.0
2023-03-22 00:00:00+00:00,2.0999999046325684,2.0799999237060547,1.7999999523162842,1.75,886252,0.0,0.0
2023-03-23 00:00:00+00:00,1.75,1.809999942779541,1.6549999713897705,1.75,100119,0.0,0.0
2023-03-24 00:00:00+00:00,1.75,1.843999981880188,1.600000023841858,1.7000000476837158,217699,0.0,0.0
2023-03-27 00:00:00+01:00,1.7000000476837158,1.75,1.600000023841858,1.7000000476837158,1439,0.0,0.0
2023-03-28 00:00:00+01:00,1.7000000476837158,1.7000000476837158,1.7000000476837158,1.7000000476837158,0,0.0,0.0
2023-03-29 00:00:00+01:00,1.7000000476837158,1.7000000476837158,1.7000000476837158,1.7000000476837158,0,0.0,0.0
2023-03-30 00:00:00+01:00,1.7000000476837158,1.75,1.600000023841858,1.7000000476837158,30122,0.0,0.0
2023-03-31 00:00:00+01:00,1.7000000476837158,1.75,1.600000023841858,1.7000000476837158,78097,0.0,0.0
2023-04-03 00:00:00+01:00,1.7000000476837158,1.6030000448226929,1.6030000448226929,1.7000000476837158,154,0.0,0.0
2023-04-04 00:00:00+01:00,1.7000000476837158,1.5299999713897705,1.5,1.649999976158142,204059,0.0,0.0
2023-04-05 00:00:00+01:00,1.649999976158142,1.649999976158142,1.649999976158142,1.649999976158142,0,0.0,0.0
2023-04-06 00:00:00+01:00,1.649999976158142,1.649999976158142,1.649999976158142,1.649999976158142,0,0.0,0.0
2023-04-11 00:00:00+01:00,1.649999976158142,1.649999976158142,1.649999976158142,1.649999976158142,0,0.0,0.0
2023-04-12 00:00:00+01:00,1.649999976158142,1.649999976158142,1.649999976158142,1.649999976158142,0,0.0,0.0
2023-04-13 00:00:00+01:00,1.649999976158142,1.7999999523162842,1.7999999523162842,1.649999976158142,9357,0.0,0.0
2023-04-14 00:00:00+01:00,1.649999976158142,1.725000023841858,1.725000023841858,1.649999976158142,10000,0.0,0.0
2023-04-17 00:00:00+01:00,1.649999976158142,1.649999976158142,1.649999976158142,1.649999976158142,0,0.0,0.0
2023-04-18 00:00:00+01:00,1.649999976158142,1.7200000286102295,1.7200000286102295,1.649999976158142,289,0.0,0.0
2023-04-19 00:00:00+01:00,1.649999976158142,1.649999976158142,1.649999976158142,1.649999976158142,0,0.0,0.0
2023-04-20 00:00:00+01:00,1.649999976158142,1.7200000286102295,1.5099999904632568,1.649999976158142,2622,0.0,0.0
2023-04-21 00:00:00+01:00,1.649999976158142,1.649999976158142,1.649999976158142,1.649999976158142,0,0.0,0.0
2023-04-24 00:00:00+01:00,1.649999976158142,1.649999976158142,1.649999976158142,1.649999976158142,0,0.0,0.0
2023-04-25 00:00:00+01:00,1.649999976158142,1.649999976158142,1.649999976158142,1.649999976158142,0,0.0,0.0
2023-04-26 00:00:00+01:00,1.649999976158142,1.649999976158142,1.649999976158142,1.649999976158142,0,0.0,0.0
2023-04-27 00:00:00+01:00,1.649999976158142,1.725000023841858,1.725000023841858,1.649999976158142,262000,0.0,0.0
2023-04-28 00:00:00+01:00,1.649999976158142,1.899999976158142,1.6200000047683716,1.850000023841858,635132,0.0,0.0
2023-05-02 00:00:00+01:00,1.850000023841858,2.4700000286102295,1.9800000190734863,2.299999952316284,3136728,0.0,0.0
2023-05-03 00:00:00+01:00,2.25,2.700000047683716,2.2100000381469727,2.4000000953674316,2123812,0.0,0.0
2023-05-04 00:00:00+01:00,2.4000000953674316,2.380000114440918,2.200000047683716,2.3499999046325684,508508,0.0,0.0
2023-05-05 00:00:00+01:00,2.3499999046325684,2.3299999237060547,2.1510000228881836,2.1500000953674316,291336,0.0,0.0
2023-05-09 00:00:00+01:00,2.1500000953674316,2.2899999618530273,2.059999942779541,2.1500000953674316,306920,0.0,0.0
2023-05-10 00:00:00+01:00,2.1500000953674316,2.180000066757202,2.180000066757202,2.25,117407,0.0,0.0
2023-05-11 00:00:00+01:00,2.25,2.299999952316284,2.25,2.25,600000,0.0,0.0
2023-05-12 00:00:00+01:00,2.25,2.0850000381469727,2.0850000381469727,2.25,250150,0.0,0.0
2023-05-15 00:00:00+01:00,2.25,2.299999952316284,2.0199999809265137,2.299999952316284,683163,0.0,0.0
2023-05-16 00:00:00+01:00,2.299999952316284,2.1600000858306885,2.1500000953674316,2.299999952316284,14031,0.0,0.0
2023-05-17 00:00:00+01:00,2.299999952316284,2.190000057220459,2.174999952316284,2.299999952316284,2660,0.0,0.0
2023-05-18 00:00:00+01:00,2.299999952316284,2.299999952316284,1.9249999523162842,2.299999952316284,1099999,0.0,0.0
2023-05-19 00:00:00+01:00,2.0999999046325684,2.0999999046325684,2.0999999046325684,2.0999999046325684,0,0.0,0.0
2023-05-22 00:00:00+01:00,2.0999999046325684,2.140000104904175,2.119999885559082,2.0999999046325684,350000,0.0,0.0
2023-05-23 00:00:00+01:00,2.200000047683716,2.7200000286102295,2.180000066757202,2.6500000953674316,10091030,0.0,0.0
2023-05-24 00:00:00+01:00,2.6500000953674316,2.9000000953674316,2.5999999046325684,2.700000047683716,3556955,0.0,0.0
2023-05-25 00:00:00+01:00,2.700000047683716,2.684999942779541,2.4000000953674316,2.5999999046325684,2496980,0.0,0.0
2023-05-26 00:00:00+01:00,2.5999999046325684,2.740000009536743,2.4100000858306885,2.5999999046325684,2757051,0.0,0.0
2023-05-30 00:00:00+01:00,2.5999999046325684,2.950000047683716,2.621999979019165,2.799999952316284,4025296,0.0,0.0
2023-05-31 00:00:00+01:00,2.799999952316284,2.924999952316284,2.630000114440918,2.799999952316284,1958628,0.0,0.0
2023-06-01 00:00:00+01:00,2.799999952316284,2.7100000381469727,2.5,2.6500000953674316,1116759,0.0,0.0
2023-06-02 00:00:00+01:00,2.6500000953674316,2.799999952316284,2.5899999141693115,2.700000047683716,1464898,0.0,0.0
2023-06-05 00:00:00+01:00,2.799999952316284,2.950000047683716,2.615000009536743,2.799999952316284,1967690,0.0,0.0
2023-06-06 00:00:00+01:00,2.799999952316284,3.0,2.555000066757202,2.6500000953674316,2036470,0.0,0.0
2023-06-07 00:00:00+01:00,2.6500000953674316,2.700000047683716,2.5,2.6500000953674316,1205033,0.0,0.0
2023-06-08 00:00:00+01:00,2.6500000953674316,2.9639999866485596,2.5,2.9000000953674316,4624639,0.0,0.0
2023-06-09 00:00:00+01:00,2.9000000953674316,3.0,2.6110000610351562,2.6500000953674316,4087259,0.0,0.0
2023-06-12 00:00:00+01:00,2.6500000953674316,2.6459999084472656,2.5,2.5999999046325684,853067,0.0,0.0
2023-06-13 00:00:00+01:00,2.5999999046325684,2.740000009536743,2.5880000591278076,2.700000047683716,1469989,0.0,0.0
2023-06-14 00:00:00+01:00,2.700000047683716,2.7899999618530273,2.5999999046325684,2.700000047683716,17573,0.0,0.0
2023-06-15 00:00:00+01:00,2.700000047683716,2.687000036239624,2.4000000953674316,2.5,2826260,0.0,0.0
2023-06-16 00:00:00+01:00,2.5,2.48799991607666,2.4000000953674316,2.450000047683716,400133,0.0,0.0
2023-06-19 00:00:00+01:00,2.450000047683716,2.575000047683716,2.3399999141693115,2.4000000953674316,393507,0.0,0.0
2023-06-20 00:00:00+01:00,2.4000000953674316,2.549999952316284,2.4030001163482666,2.5,579882,0.0,0.0
2023-06-21 00:00:00+01:00,2.5,2.5,2.4110000133514404,2.5,289999,0.0,0.0
2023-06-22 00:00:00+01:00,2.5,2.640000104904175,2.4059998989105225,2.549999952316284,501964,0.0,0.0
2023-06-23 00:00:00+01:00,2.549999952316284,2.700000047683716,2.4200000762939453,2.5399999618530273,400449,0.0,0.0
2023-06-26 00:00:00+01:00,2.549999952316284,2.5799999237060547,2.4509999752044678,2.549999952316284,65893,0.0,0.0
2023-06-27 00:00:00+01:00,2.549999952316284,2.5490000247955322,2.322000026702881,2.5,596891,0.0,0.0
2023-06-28 00:00:00+01:00,2.5,2.5899999141693115,2.430000066757202,2.5,230414,0.0,0.0
2023-06-29 00:00:00+01:00,2.5,2.4100000858306885,2.319999933242798,2.450000047683716,155723,0.0,0.0
2023-06-30 00:00:00+01:00,2.450000047683716,2.5799999237060547,2.4100000858306885,2.5,1217647,0.0,0.0
2023-07-03 00:00:00+01:00,2.5,2.5,2.325000047683716,2.380000114440918,870792,0.0,0.0
2023-07-04 00:00:00+01:00,2.4000000953674316,2.309999942779541,2.1500000953674316,2.299999952316284,769556,0.0,0.0
2023-07-05 00:00:00+01:00,2.299999952316284,2.299999952316284,2.200000047683716,2.299999952316284,43484,0.0,0.0
2023-07-06 00:00:00+01:00,2.299999952316284,2.259999990463257,2.200000047683716,2.200000047683716,423833,0.0,0.0
2023-07-07 00:00:00+01:00,2.299999952316284,2.256999969482422,2.256999969482422,2.299999952316284,5000,0.0,0.0
2023-07-10 00:00:00+01:00,2.299999952316284,2.256999969482422,2.119999885559082,2.25,1289070,0.0,0.0
2023-07-11 00:00:00+01:00,2.25,2.240000009536743,2.1110000610351562,2.200000047683716,721209,0.0,0.0
2023-07-12 00:00:00+01:00,2.25,2.200000047683716,2.200000047683716,2.200000047683716,90909,0.0,0.0
2023-07-13 00:00:00+01:00,2.200000047683716,2.2200000286102295,2.0,2.0999999046325684,1364000,0.0,0.0
2023-07-14 00:00:00+01:00,2.0999999046325684,2.1389999389648438,1.9249999523162842,2.0,985514,0.0,0.0
2023-07-17 00:00:00+01:00,2.0999999046325684,2.388000011444092,2.0329999923706055,2.1500000953674316,2109322,0.0,0.0
2023-07-18 00:00:00+01:00,2.1500000953674316,2.569999933242798,2.299999952316284,2.450000047683716,2247724,0.0,0.0
2023-07-19 00:00:00+01:00,2.450000047683716,2.5799999237060547,2.4070000648498535,2.450000047683716,137204,0.0,0.0
2023-07-20 00:00:00+01:00,2.450000047683716,2.5799999237060547,2.3299999237060547,2.5799999237060547,1161560,0.0,0.0
2023-07-21 00:00:00+01:00,2.4000000953674316,2.684000015258789,2.424999952316284,2.5999999046325684,1223075,0.0,0.0
2023-07-24 00:00:00+01:00,2.5999999046325684,2.9800000190734863,2.555000066757202,2.700000047683716,3378695,0.0,0.0
2023-07-25 00:00:00+01:00,2.700000047683716,2.8399999141693115,2.621999979019165,2.799999952316284,2000905,0.0,0.0
2023-07-26 00:00:00+01:00,2.799999952316284,2.7699999809265137,2.549999952316284,2.5999999046325684,419941,0.0,0.0
2023-07-27 00:00:00+01:00,2.5999999046325684,2.640000104904175,2.5,2.5999999046325684,112667,0.0,0.0
2023-07-28 00:00:00+01:00,2.5999999046325684,2.619999885559082,2.5999999046325684,2.5999999046325684,195010,0.0,0.0
2023-07-31 00:00:00+01:00,2.5999999046325684,2.5,2.299999952316284,2.4000000953674316,276778,0.0,0.0
2023-08-01 00:00:00+01:00,2.4000000953674316,2.4030001163482666,2.4030001163482666,2.4000000953674316,34034,0.0,0.0
2023-08-02 00:00:00+01:00,2.4000000953674316,2.4700000286102295,2.325000047683716,2.4000000953674316,13581,0.0,0.0
2023-08-03 00:00:00+01:00,2.4000000953674316,2.4000000953674316,2.299999952316284,2.4000000953674316,30017,0.0,0.0
2023-08-04 00:00:00+01:00,2.4000000953674316,2.3399999141693115,2.2309999465942383,2.299999952316284,840683,0.0,0.0
2023-08-07 00:00:00+01:00,2.299999952316284,2.4820001125335693,2.4000000953674316,2.4000000953674316,332423,0.0,0.0
2023-08-08 00:00:00+01:00,2.4000000953674316,2.5,2.3350000381469727,2.4000000953674316,4533,0.0,0.0
2023-08-09 00:00:00+01:00,2.4000000953674316,2.799999952316284,2.4630000591278076,2.5999999046325684,5779151,0.0,0.0
2023-08-10 00:00:00+01:00,2.5999999046325684,2.740000009536743,2.640000104904175,2.75,1928771,0.0,0.0
2023-08-11 00:00:00+01:00,2.75,2.7899999618530273,2.640000104904175,2.75,671315,0.0,0.0
2023-08-14 00:00:00+01:00,2.75,2.634999990463257,2.5999999046325684,2.700000047683716,1326088,0.0,0.0
2023-08-15 00:00:00+01:00,2.700000047683716,2.6500000953674316,2.5999999046325684,2.6500000953674316,610990,0.0,0.0
2023-08-16 00:00:00+01:00,2.6500000953674316,2.628999948501587,2.5439999103546143,2.5999999046325684,75305,0.0,0.0
2023-08-17 00:00:00+01:00,2.5999999046325684,2.615000009536743,2.5439999103546143,2.5999999046325684,530006,0.0,0.0
2023-08-18 00:00:00+01:00,2.5999999046325684,2.615000009536743,2.5,2.5999999046325684,316087,0.0,0.0
2023-08-21 00:00:00+01:00,2.5999999046325684,2.5969998836517334,2.5969998836517334,2.5999999046325684,83374,0.0,0.0
2023-08-22 00:00:00+01:00,2.5999999046325684,2.5969998836517334,2.5969998836517334,2.5999999046325684,173310,0.0,0.0
2023-08-23 00:00:00+01:00,2.5999999046325684,2.640000104904175,2.510999917984009,2.6500000953674316,1250000,0.0,0.0
2023-08-24 00:00:00+01:00,2.6500000953674316,2.5250000953674316,2.5250000953674316,2.6500000953674316,119041,0.0,0.0
2023-08-25 00:00:00+01:00,2.6500000953674316,2.611999988555908,2.5,2.6500000953674316,14139,0.0,0.0
2023-08-29 00:00:00+01:00,2.6500000953674316,2.611999988555908,2.5,2.5999999046325684,1293442,0.0,0.0
2023-08-30 00:00:00+01:00,2.5999999046325684,2.7750000953674316,2.5439999103546143,2.5999999046325684,181281,0.0,0.0
2023-08-31 00:00:00+01:00,2.5999999046325684,2.7330000400543213,2.565999984741211,2.5999999046325684,243164,0.0,0.0
2023-09-01 00:00:00+01:00,2.5999999046325684,2.7300000190734863,2.48799991607666,2.549999952316284,3111332,0.0,0.0
2023-09-04 00:00:00+01:00,2.549999952316284,2.799999952316284,2.559999942779541,2.6500000953674316,5101349,0.0,0.0
2023-09-05 00:00:00+01:00,2.6500000953674316,2.6619999408721924,2.575000047683716,2.6500000953674316,877475,0.0,0.0
2023-09-06 00:00:00+01:00,2.700000047683716,2.799999952316284,2.5,2.5999999046325684,2071022,0.0,0.0
2023-09-07 00:00:00+01:00,2.5999999046325684,2.5980000495910645,2.5980000495910645,2.5999999046325684,88378,0.0,0.0
2023-09-08 00:00:00+01:00,2.5999999046325684,2.5,2.421999931335449,2.549999952316284,931276,0.0,0.0
2023-09-11 00:00:00+01:00,2.549999952316284,2.5199999809265137,2.4000000953674316,2.549999952316284,233271,0.0,0.0
2023-09-12 00:00:00+01:00,2.549999952316284,2.5399999618530273,2.4110000133514404,2.549999952316284,450026,0.0,0.0
2023-09-13 00:00:00+01:00,2.549999952316284,2.5350000858306885,2.4110000133514404,2.549999952316284,103497,0.0,0.0
2023-09-14 00:00:00+01:00,2.549999952316284,2.4119999408721924,2.4110000133514404,2.549999952316284,85180,0.0,0.0
2023-09-15 00:00:00+01:00,2.549999952316284,2.515000104904175,2.515000104904175,2.549999952316284,39800,0.0,0.0
2023-09-18 00:00:00+01:00,2.549999952316284,2.509999990463257,2.509999990463257,2.549999952316284,20000,0.0,0.0
2023-09-19 00:00:00+01:00,2.549999952316284,2.490000009536743,2.4110000133514404,2.549999952316284,261572,0.0,0.0
2023-09-20 00:00:00+01:00,2.549999952316284,2.509999990463257,2.509999990463257,2.549999952316284,198729,0.0,0.0
2023-09-21 00:00:00+01:00,2.549999952316284,2.5399999618530273,2.319999933242798,2.450000047683716,505218,0.0,0.0
2023-09-22 00:00:00+01:00,2.450000047683716,2.4000000953674316,2.299999952316284,2.3499999046325684,462496,0.0,0.0
2023-09-25 00:00:00+01:00,2.3499999046325684,2.4600000381469727,2.299999952316284,2.4000000953674316,154157,0.0,0.0
2023-09-26 00:00:00+01:00,2.4000000953674316,2.299999952316284,2.299999952316284,2.4000000953674316,29651,0.0,0.0
2023-09-27 00:00:00+01:00,2.4000000953674316,2.4000000953674316,2.4000000953674316,2.4000000953674316,0,0.0,0.0
2023-09-28 00:00:00+01:00,2.4000000953674316,2.299999952316284,2.299999952316284,2.4000000953674316,125000,0.0,0.0
2023-09-29 00:00:00+01:00,2.4000000953674316,2.3949999809265137,2.299999952316284,2.3499999046325684,3055,0.0,0.0
2023-10-02 00:00:00+01:00,2.3499999046325684,2.369999885559082,2.200000047683716,2.299999952316284,115100,0.0,0.0
2023-10-03 00:00:00+01:00,2.299999952316284,2.299999952316284,2.299999952316284,2.299999952316284,0,0.0,0.0
2023-10-04 00:00:00+01:00,2.299999952316284,2.359999895095825,2.359999895095825,2.359999895095825,562739,0.0,0.0
2023-10-05 00:00:00+01:00,2.299999952316284,2.369999885559082,2.359999895095825,2.299999952316284,20605,0.0,0.0
2023-10-06 00:00:00+01:00,2.299999952316284,2.4000000953674316,2.299999952316284,2.299999952316284,249827,0.0,0.0
2023-10-09 00:00:00+01:00,2.3499999046325684,2.3959999084472656,2.2200000286102295,2.3499999046325684,62263,0.0,0.0
2023-10-10 00:00:00+01:00,2.3499999046325684,2.3959999084472656,2.3959999084472656,2.3499999046325684,100000,0.0,0.0
2023-10-11 00:00:00+01:00,2.3499999046325684,2.299999952316284,2.200000047683716,2.3499999046325684,250000,0.0,0.0
2023-10-12 00:00:00+01:00,2.3499999046325684,2.3350000381469727,2.005000114440918,2.25,133815,0.0,0.0
2023-10-13 00:00:00+01:00,2.25,2.25,2.25,2.25,0,0.0,0.0
2023-10-16 00:00:00+01:00,2.200000047683716,2.0220000743865967,2.0220000743865967,2.200000047683716,13,0.0,0.0
2023-10-17 00:00:00+01:00,2.200000047683716,2.0220000743865967,2.002000093460083,2.0999999046325684,117338,0.0,0.0
2023-10-18 00:00:00+01:00,2.0999999046325684,2.1440000534057617,2.0,2.0999999046325684,194674,0.0,0.0
2023-10-19 00:00:00+01:00,2.0999999046325684,2.0350000858306885,2.0350000858306885,2.0999999046325684,2146,0.0,0.0
2023-10-20 00:00:00+01:00,2.0999999046325684,2.0999999046325684,2.0,2.0999999046325684,55000,0.0,0.0
2023-10-23 00:00:00+01:00,2.0999999046325684,2.0999999046325684,2.0969998836517334,2.0999999046325684,118571,0.0,0.0
2023-10-24 00:00:00+01:00,2.049999952316284,2.0880000591278076,1.9600000381469727,2.0,305000,0.0,0.0
2023-10-25 00:00:00+01:00,2.0,2.0880000591278076,2.0880000591278076,2.0,95784,0.0,0.0
2023-10-26 00:00:00+01:00,2.0,2.0,2.0,2.0,0,0.0,0.0
2023-10-27 00:00:00+01:00,2.0,2.0999999046325684,1.944000005722046,2.0,84281,0.0,0.0
2023-10-30 00:00:00+00:00,2.0,2.0880000591278076,1.944000005722046,2.0,13844,0.0,0.0
2023-10-31 00:00:00+00:00,2.0,1.899999976158142,1.899999976158142,2.0,666,0.0,0.0
2023-11-01 00:00:00+00:00,2.0,2.299999952316284,2.0899999141693115,2.25,434057,0.0,0.0
2023-11-02 00:00:00+00:00,2.25,2.384000062942505,2.2950000762939453,2.299999952316284,246000,0.0,0.0
2023-11-03 00:00:00+00:00,2.299999952316284,2.4000000953674316,2.2660000324249268,2.299999952316284,284178,0.0,0.0
2023-11-06 00:00:00+00:00,2.299999952316284,2.2720000743865967,2.2720000743865967,2.299999952316284,97000,0.0,0.0
2023-11-07 00:00:00+00:00,2.299999952316284,2.2699999809265137,2.125,2.1500000953674316,575000,0.0,0.0
2023-11-08 00:00:00+00:00,2.1500000953674316,2.0999999046325684,2.0999999046325684,2.049999952316284,225000,0.0,0.0
2023-11-09 00:00:00+00:00,2.049999952316284,2.0999999046325684,2.0399999618530273,2.049999952316284,236171,0.0,0.0
2023-11-10 00:00:00+00:00,2.049999952316284,2.0999999046325684,2.009999990463257,2.049999952316284,336316,0.0,0.0
2023-11-13 00:00:00+00:00,2.049999952316284,2.0220000743865967,1.7999999523162842,1.850000023841858,1397118,0.0,0.0
2023-11-14 00:00:00+00:00,1.850000023841858,1.812000036239624,1.600000023841858,1.6200000047683716,1723982,0.0,0.0
2023-11-15 00:00:00+00:00,1.649999976158142,1.7000000476837158,1.5700000524520874,1.5700000524520874,707335,0.0,0.0
2023-11-16 00:00:00+00:00,1.5800000429153442,1.7000000476837158,1.5,1.600000023841858,886574,0.0,0.0
2023-11-17 00:00:00+00:00,1.600000023841858,1.7000000476837158,1.621999979019165,1.600000023841858,344593,0.0,0.0
2023-11-20 00:00:00+00:00,1.649999976158142,1.7999999523162842,1.5499999523162842,1.649999976158142,1073924,0.0,0.0
2023-11-21 00:00:00+00:00,1.4500000476837158,1.440000057220459,1.100000023841858,1.309999942779541,10941419,0.0,0.0
2023-11-22 00:00:00+00:00,1.350000023841858,1.3660000562667847,1.2200000286102295,1.375,5614718,0.0,0.0
2023-11-23 00:00:00+00:00,1.350000023841858,1.409999966621399,1.3309999704360962,1.375,1217567,0.0,0.0
2023-11-24 00:00:00+00:00,1.375,1.4900000095367432,1.399999976158142,1.375,1333890,0.0,0.0
2023-11-27 00:00:00+00:00,1.375,1.399999976158142,1.399999976158142,1.375,135000,0.0,0.0
2023-11-28 00:00:00+00:00,1.375,1.399999976158142,1.2599999904632568,1.3250000476837158,2210000,0.0,0.0
2023-11-29 00:00:00+00:00,1.3250000476837158,1.3680000305175781,1.2760000228881836,1.3250000476837158,565142,0.0,0.0
2023-11-30 00:00:00+00:00,1.3250000476837158,1.3680000305175781,1.2799999713897705,1.3250000476837158,534591,0.0,0.0
2023-12-01 00:00:00+00:00,1.3250000476837158,1.3459999561309814,1.2580000162124634,1.3250000476837158,629229,0.0,0.0
2023-12-04 00:00:00+00:00,1.3250000476837158,1.2999999523162842,1.25,1.274999976158142,2004957,0.0,0.0
2023-12-05 00:00:00+00:00,1.274999976158142,1.2829999923706055,1.253000020980835,1.274999976158142,101130,0.0,0.0
2023-12-06 00:00:00+00:00,1.274999976158142,1.25,1.2000000476837158,1.25,140272,0.0,0.0
2023-12-07 00:00:00+00:00,1.25,1.281000018119812,1.2000000476837158,1.225000023841858,3398812,0.0,0.0
2023-12-08 00:00:00+00:00,1.225000023841858,1.2660000324249268,1.100000023841858,1.25,1115924,0.0,0.0
2023-12-11 00:00:00+00:00,1.25,1.2380000352859497,1.1160000562667847,1.1749999523162842,1155786,0.0,0.0
2023-12-12 00:00:00+00:00,1.1749999523162842,1.222000002861023,1.1380000114440918,1.1749999523162842,158110,0.0,0.0
2023-12-13 00:00:00+00:00,1.1749999523162842,1.222000002861023,1.149999976158142,1.1799999475479126,597791,0.0,0.0
2023-12-14 00:00:00+00:00,1.149999976158142,1.1579999923706055,1.1579999923706055,1.149999976158142,8362,0.0,0.0
2023-12-15 00:00:00+00:00,1.149999976158142,1.2899999618530273,1.1150000095367432,1.1749999523162842,1908486,0.0,0.0
2023-12-18 00:00:00+00:00,1.1749999523162842,1.25,1.159999966621399,1.2000000476837158,2188542,0.0,0.0
2023-12-19 00:00:00+00:00,1.2000000476837158,1.309999942779541,1.2000000476837158,1.2000000476837158,1573662,0.0,0.0
2023-12-20 00:00:00+00:00,1.2000000476837158,1.25,1.100000023841858,1.25,5643120,0.0,0.0
2023-12-21 00:00:00+00:00,1.2000000476837158,1.25,1.2139999866485596,1.225000023841858,1167780,0.0,0.0
2023-12-22 00:00:00+00:00,1.225000023841858,1.24399995803833,1.1549999713897705,1.2000000476837158,593337,0.0,0.0
2023-12-27 00:00:00+00:00,1.2000000476837158,1.25,1.1649999618530273,1.2000000476837158,248988,0.0,0.0
2023-12-28 00:00:00+00:00,1.2000000476837158,1.25,1.1649999618530273,1.2000000476837158,7072,0.0,0.0
2023-12-29 00:00:00+00:00,1.2000000476837158,1.2389999628067017,1.2389999628067017,1.2000000476837158,40358,0.0,0.0
2024-01-02 00:00:00+00:00,1.2000000476837158,1.281999945640564,1.2389999628067017,1.225000023841858,107790,0.0,0.0
2024-01-03 00:00:00+00:00,1.225000023841858,1.2710000276565552,1.1679999828338623,1.25,675146,0.0,0.0
2024-01-04 00:00:00+00:00,1.25,1.2949999570846558,1.2699999809265137,1.25,1135983,0.0,0.0
2024-01-05 00:00:00+00:00,1.25,1.2940000295639038,1.24399995803833,1.25,282757,0.0,0.0
2024-01-08 00:00:00+00:00,1.25,1.3799999952316284,1.2280000448226929,1.3250000476837158,1866054,0.0,0.0
2024-01-09 00:00:00+00:00,1.3250000476837158,1.3300000429153442,1.274999976158142,1.3250000476837158,843957,0.0,0.0
2024-01-10 00:00:00+00:00,1.3250000476837158,1.4800000190734863,1.350000023841858,1.399999976158142,3563869,0.0,0.0
2024-01-11 00:00:00+00:00,1.399999976158142,1.593999981880188,1.350000023841858,1.4600000381469727,8990050,0.0,0.0
2024-01-12 00:00:00+00:00,1.399999976158142,1.440000057220459,1.3380000591278076,1.399999976158142,3012283,0.0,0.0
2024-01-15 00:00:00+00:00,1.5499999523162842,1.649999976158142,1.4199999570846558,1.5,6324559,0.0,0.0
2024-01-16 00:00:00+00:00,1.5,1.600000023841858,1.5,1.5499999523162842,3443228,0.0,0.0
2024-01-17 00:00:00+00:00,1.5499999523162842,1.590000033378601,1.5,1.5499999523162842,1987554,0.0,0.0
2024-01-18 00:00:00+00:00,1.5499999523162842,1.600000023841858,1.5,1.5499999523162842,773900,0.0,0.0
2024-01-19 00:00:00+00:00,1.5499999523162842,1.531999945640564,1.4249999523162842,1.5,628301,0.0,0.0
2024-01-22 00:00:00+00:00,1.5,1.524999976158142,1.434999942779541,1.5,756706,0.0,0.0
2024-01-23 00:00:00+00:00,1.5,1.5180000066757202,1.4299999475479126,1.5,221055,0.0,0.0
2024-01-24 00:00:00+00:00,1.5,1.4500000476837158,1.399999976158142,1.4500000476837158,669806,0.0,0.0
2024-01-25 00:00:00+00:00,1.4500000476837158,1.4049999713897705,1.309999942779541,1.350000023841858,920067,0.0,0.0
2024-01-26 00:00:00+00:00,1.350000023841858,1.399999976158142,1.3029999732971191,1.350000023841858,609260,0.0,0.0
2024-01-29 00:00:00+00:00,1.350000023841858,1.3980000019073486,1.2999999523162842,1.350000023841858,592803,0.0,0.0
2024-01-30 00:00:00+00:00,1.350000023841858,1.3890000581741333,1.312999963760376,1.350000023841858,115538,0.0,0.0
2024-01-31 00:00:00+00:00,1.399999976158142,1.475000023841858,1.309999942779541,1.399999976158142,1639519,0.0,0.0
2024-02-01 00:00:00+00:00,1.399999976158142,1.5,1.4160000085830688,1.399999976158142,636050,0.0,0.0
2024-02-02 00:00:00+00:00,1.399999976158142,1.4889999628067017,1.3250000476837158,1.399999976158142,1137574,0.0,0.0
2024-02-05 00:00:00+00:00,1.399999976158142,1.649999976158142,1.2999999523162842,1.5,5108889,0.0,0.0
2024-02-06 00:00:00+00:00,1.5499999523162842,2.0,1.5549999475479126,1.7000000476837158,8651849,0.0,0.0
2024-02-07 00:00:00+00:00,1.7000000476837158,1.7999999523162842,1.6380000114440918,1.7000000476837158,1097330,0.0,0.0
2024-02-08 00:00:00+00:00,1.7000000476837158,1.75,1.5499999523162842,1.600000023841858,2410011,0.0,0.0
2024-02-09 00:00:00+00:00,1.600000023841858,1.7000000476837158,1.565000057220459,1.7000000476837158,394840,0.0,0.0
2024-02-12 00:00:00+00:00,1.600000023841858,1.7000000476837158,1.5,1.5499999523162842,3132973,0.0,0.0
2024-02-13 00:00:00+00:00,1.5499999523162842,1.600000023841858,1.524999976158142,1.5499999523162842,128139,0.0,0.0
2024-02-14 00:00:00+00:00,1.5499999523162842,1.8899999856948853,1.5950000286102295,1.850000023841858,3620198,0.0,0.0
2024-02-15 00:00:00+00:00,1.7999999523162842,1.843999981880188,1.753000020980835,1.7999999523162842,867625,0.0,0.0
2024-02-16 00:00:00+00:00,1.7999999523162842,1.899999976158142,1.7000000476837158,1.7999999523162842,786656,0.0,0.0
2024-02-19 00:00:00+00:00,1.7999999523162842,1.934000015258789,1.75600004196167,1.850000023841858,1886381,0.0,0.0
2024-02-20 00:00:00+00:00,1.850000023841858,1.9880000352859497,1.7999999523162842,1.899999976158142,1179289,0.0,0.0
2024-02-21 00:00:00+00:00,1.899999976158142,2.369999885559082,1.899999976158142,2.25,5883190,0.0,0.0
2024-02-22 00:00:00+00:00,2.25,2.369999885559082,2.121999979019165,2.200000047683716,1341734,0.0,0.0
2024-02-23 00:00:00+00:00,2.200000047683716,2.121999979019165,1.9500000476837158,2.0,960420,0.0,0.0
2024-02-26 00:00:00+00:00,2.0,2.299999952316284,1.7999999523162842,2.1500000953674316,824115,0.0,0.0
2024-02-27 00:00:00+00:00,2.049999952316284,2.196000099182129,1.9259999990463257,1.9500000476837158,891738,0.0,0.0
2024-02-28 00:00:00+00:00,1.9500000476837158,2.1700000762939453,1.9520000219345093,2.0,3180992,0.0,0.0
2024-02-29 00:00:00+00:00,2.0,2.0799999237060547,1.8760000467300415,2.0,2249380,0.0,0.0
2024-03-01 00:00:00+00:00,2.0,2.069000005722046,1.9110000133514404,2.0399999618530273,2183038,0.0,0.0
2024-03-04 00:00:00+00:00,2.049999952316284,2.0999999046325684,2.068000078201294,2.049999952316284,3134804,0.0,0.0
2024-03-05 00:00:00+00:00,2.049999952316284,2.177000045776367,2.0850000381469727,2.0999999046325684,1270892,0.0,0.0
2024-03-06 00:00:00+00:00,2.0999999046325684,2.135999917984009,2.005000114440918,2.0999999046325684,675889,0.0,0.0
2024-03-07 00:00:00+00:00,2.0999999046325684,2.177000045776367,2.059999942779541,2.0999999046325684,2229772,0.0,0.0
2024-03-08 00:00:00+00:00,2.0999999046325684,2.1640000343322754,2.0,2.0999999046325684,3185364,0.0,0.0
2024-03-11 00:00:00+00:00,2.0999999046325684,2.190000057220459,1.899999976158142,1.9500000476837158,2740646,0.0,0.0
2024-03-12 00:00:00+00:00,1.9500000476837158,2.0,1.899999976158142,1.9500000476837158,1163744,0.0,0.0
2024-03-13 00:00:00+00:00,1.9500000476837158,2.069999933242798,1.899999976158142,1.899999976158142,2015619,0.0,0.0
2024-03-14 00:00:00+00:00,1.899999976158142,1.9900000095367432,1.8250000476837158,1.899999976158142,1672698,0.0,0.0
2024-03-15 00:00:00+00:00,1.9500000476837158,2.0999999046325684,1.9259999990463257,2.0,1500932,0.0,0.0
2024-03-18 00:00:00+00:00,2.0,2.069999933242798,1.9500000476837158,1.9500000476837158,1032760,0.0,0.0
2024-03-19 00:00:00+00:00,1.9500000476837158,2.0999999046325684,1.9500000476837158,2.0,624232,0.0,0.0
2024-03-20 00:00:00+00:00,2.0,2.0999999046325684,2.015000104904175,2.0999999046325684,229786,0.0,0.0
2024-03-21 00:00:00+00:00,2.0999999046325684,2.0999999046325684,1.9149999618530273,2.0,729686,0.0,0.0
2024-03-22 00:00:00+00:00,2.0,2.0250000953674316,2.0250000953674316,2.0,58868,0.0,0.0
2024-03-25 00:00:00+00:00,2.0,2.0999999046325684,1.8279999494552612,1.899999976158142,2999224,0.0,0.0
2024-03-26 00:00:00+00:00,1.899999976158142,1.975000023841858,1.940000057220459,1.899999976158142,203734,0.0,0.0
2024-03-27 00:00:00+00:00,1.899999976158142,2.0,1.850000023841858,1.899999976158142,474642,0.0,0.0
2024-03-28 00:00:00+00:00,1.899999976158142,2.0999999046325684,1.8799999952316284,2.049999952316284,2003993,0.0,0.0
2024-04-02 00:00:00+01:00,2.049999952316284,2.200000047683716,2.0,2.0999999046325684,1618867,0.0,0.0
2024-04-03 00:00:00+01:00,2.0999999046325684,2.200000047683716,2.0250000953674316,2.0999999046325684,3064609,0.0,0.0
2024-04-04 00:00:00+01:00,2.0999999046325684,2.200000047683716,2.180000066757202,2.1500000953674316,2968558,0.0,0.0
2024-04-05 00:00:00+01:00,2.1500000953674316,2.4700000286102295,2.121000051498413,2.4000000953674316,7358352,0.0,0.0
2024-04-08 00:00:00+01:00,2.4000000953674316,2.6600000858306885,2.3450000286102295,2.5,4001539,0.0,0.0
2024-04-09 00:00:00+01:00,2.5,2.494999885559082,2.4000000953674316,2.450000047683716,1105226,0.0,0.0
2024-04-10 00:00:00+01:00,2.450000047683716,2.359999895095825,2.25,2.3499999046325684,587658,0.0,0.0
2024-04-11 00:00:00+01:00,2.3499999046325684,2.3499999046325684,2.200000047683716,2.25,1322842,0.0,0.0
2024-04-12 00:00:00+01:00,2.25,2.380000114440918,2.200000047683716,2.299999952316284,1431326,0.0,0.0
2024-04-15 00:00:00+01:00,2.299999952316284,2.3299999237060547,2.2149999141693115,2.299999952316284,469518,0.0,0.0
2024-04-16 00:00:00+01:00,2.299999952316284,2.299999952316284,2.1500000953674316,2.200000047683716,1008592,0.0,0.0
2024-04-17 00:00:00+01:00,2.200000047683716,2.265000104904175,2.010999917984009,2.200000047683716,1445372,0.0,0.0
2024-04-18 00:00:00+01:00,2.200000047683716,2.240000009536743,2.119999885559082,2.200000047683716,276111,0.0,0.0
2024-04-19 00:00:00+01:00,2.200000047683716,2.23799991607666,2.0999999046325684,2.1500000953674316,336239,0.0,0.0
2024-04-22 00:00:00+01:00,2.1500000953674316,2.190000057220459,2.0199999809265137,2.0999999046325684,380399,0.0,0.0
2024-04-23 00:00:00+01:00,2.0999999046325684,2.066999912261963,1.937999963760376,2.0,1091578,0.0,0.0
2024-04-24 00:00:00+01:00,2.0,2.0450000762939453,1.9500000476837158,2.0,810443,0.0,0.0
2024-04-25 00:00:00+01:00,2.0,2.0739998817443848,1.9249999523162842,2.0,673913,0.0,0.0
2024-04-26 00:00:00+01:00,2.0,2.061000108718872,1.9249999523162842,1.9500000476837158,371299,0.0,0.0
2024-04-29 00:00:00+01:00,2.1500000953674316,2.2799999713897705,2.0450000762939453,2.1500000953674316,2197311,0.0,0.0
2024-04-30 00:00:00+01:00,2.1500000953674316,2.1740000247955322,2.0,2.049999952316284,2244293,0.0,0.0
2024-05-01 00:00:00+01:00,2.049999952316284,2.063999891281128,2.062000036239624,2.049999952316284,90000,0.0,0.0
2024-05-02 00:00:00+01:00,2.049999952316284,2.075000047683716,1.899999976158142,2.0,759315,0.0,0.0
2024-05-03 00:00:00+01:00,2.0,1.9249999523162842,1.7100000381469727,1.75,4693536,0.0,0.0
2024-05-07 00:00:00+01:00,1.75,1.975000023841858,1.7510000467300415,1.899999976158142,2384784,0.0,0.0
2024-05-08 00:00:00+01:00,1.899999976158142,1.9900000095367432,1.9800000190734863,1.899999976158142,104575,0.0,0.0
2024-05-09 00:00:00+01:00,1.899999976158142,1.975000023841858,1.815999984741211,1.899999976158142,1674603,0.0,0.0
2024-05-10 00:00:00+01:00,1.899999976158142,1.9299999475479126,1.725000023841858,1.7999999523162842,1737482,0.0,0.0
2024-05-13 00:00:00+01:00,1.7999999523162842,1.8899999856948853,1.7699999809265137,1.7999999523162842,656632,0.0,0.0
2024-05-14 00:00:00+01:00,1.7999999523162842,1.8960000276565552,1.8650000095367432,1.7999999523162842,150760,0.0,0.0
2024-05-15 00:00:00+01:00,1.7999999523162842,1.8949999809265137,1.8949999809265137,1.7999999523162842,10000,0.0,0.0
2024-05-16 00:00:00+01:00,1.7999999523162842,1.8949999809265137,1.774999976158142,1.7999999523162842,35000,0.0,0.0
2024-05-17 00:00:00+01:00,1.7999999523162842,1.899999976158142,1.809999942779541,1.850000023841858,523745,0.0,0.0
2024-05-20 00:00:00+01:00,1.850000023841858,1.8899999856948853,1.809999942779541,1.850000023841858,212994,0.0,0.0
2024-05-21 00:00:00+01:00,1.850000023841858,1.8680000305175781,1.7999999523162842,1.850000023841858,596398,0.0,0.0
2024-05-22 00:00:00+01:00,1.850000023841858,1.8680000305175781,1.7999999523162842,1.850000023841858,120000,0.0,0.0
2024-05-23 00:00:00+01:00,1.850000023841858,1.7999999523162842,1.7999999523162842,1.7999999523162842,80400,0.0,0.0
2024-05-24 00:00:00+01:00,1.7999999523162842,1.725000023841858,1.7000000476837158,1.75,572172,0.0,0.0
2024-05-28 00:00:00+01:00,1.75,1.7949999570846558,1.600000023841858,1.75,181008,0.0,0.0
2024-05-29 00:00:00+01:00,1.75,1.7630000114440918,1.600000023841858,1.75,112309,0.0,0.0
2024-05-30 00:00:00+01:00,1.75,1.7000000476837158,1.7000000476837158,1.75,1,0.0,0.0
2024-05-31 00:00:00+01:00,1.75,1.7630000114440918,1.7630000114440918,1.75,204583,0.0,0.0
2024-06-03 00:00:00+01:00,1.75,1.774999976158142,1.7000000476837158,1.75,662774,0.0,0.0
2024-06-04 00:00:00+01:00,1.75,1.7200000286102295,1.7200000286102295,1.75,250000,0.0,0.0
2024-06-05 00:00:00+01:00,1.75,1.7640000581741333,1.7640000581741333,1.75,50000,0.0,0.0
2024-06-06 00:00:00+01:00,1.75,1.6670000553131104,1.6100000143051147,1.649999976158142,1164290,0.0,0.0
2024-06-07 00:00:00+01:00,1.649999976158142,1.6100000143051147,1.600000023841858,1.649999976158142,206531,0.0,0.0
2024-06-10 00:00:00+01:00,1.649999976158142,1.600000023841858,1.600000023841858,1.649999976158142,95475,0.0,0.0
2024-06-11 00:00:00+01:00,1.649999976158142,1.649999976158142,1.649999976158142,1.649999976158142,0,0.0,0.0
2024-06-12 00:00:00+01:00,1.649999976158142,1.7999999523162842,1.6100000143051147,1.7000000476837158,1807711,0.0,0.0
2024-06-13 00:00:00+01:00,1.7000000476837158,1.7000000476837158,1.600000023841858,1.7000000476837158,106740,0.0,0.0
2024-06-14 00:00:00+01:00,1.7000000476837158,1.7400000095367432,1.684999942779541,1.7000000476837158,86375,0.0,0.0
2024-06-17 00:00:00+01:00,1.7000000476837158,1.7400000095367432,1.600000023841858,1.7000000476837158,175075,0.0,0.0
2024-06-18 00:00:00+01:00,1.7000000476837158,1.649999976158142,1.5099999904632568,1.600000023841858,274112,0.0,0.0
2024-06-19 00:00:00+01:00,1.600000023841858,1.5750000476837158,1.5,1.5499999523162842,1553952,0.0,0.0
2024-06-20 00:00:00+01:00,1.5499999523162842,1.559999942779541,1.5,1.5499999523162842,1066148,0.0,0.0
2024-06-21 00:00:00+01:00,1.5499999523162842,1.5499999523162842,1.5499999523162842,1.5499999523162842,0,0.0,0.0
2024-06-24 00:00:00+01:00,1.5499999523162842,1.559999942779541,1.399999976158142,1.5,839240,0.0,0.0
2024-06-25 00:00:00+01:00,1.5,1.4989999532699585,1.409999966621399,1.4500000476837158,87354,0.0,0.0
2024-06-26 00:00:00+01:00,1.4500000476837158,1.5,1.4010000228881836,1.399999976158142,2907463,0.0,0.0
2024-06-27 00:00:00+01:00,1.399999976158142,1.4900000095367432,1.4529999494552612,1.399999976158142,400472,0.0,0.0
2024-06-28 00:00:00+01:00,1.399999976158142,1.5520000457763672,1.4900000095367432,1.4500000476837158,514810,0.0,0.0
2024-07-01 00:00:00+01:00,1.4500000476837158,1.5520000457763672,1.4270000457763672,1.4500000476837158,232226,0.0,0.0
2024-07-02 00:00:00+01:00,1.5,1.4800000190734863,1.2000000476837158,1.25,6344382,0.0,0.0
2024-07-03 00:00:00+01:00,1.25,1.2949999570846558,1.2000000476837158,1.25,250113,0.0,0.0
2024-07-04 00:00:00+01:00,1.25,1.2949999570846558,1.2000000476837158,1.25,1339216,0.0,0.0
2024-07-05 00:00:00+01:00,1.25,1.2999999523162842,1.2170000076293945,1.25,20080,0.0,0.0
2024-07-08 00:00:00+01:00,1.25,1.2999999523162842,1.2000000476837158,1.25,2042311,0.0,0.0
2024-07-09 00:00:00+01:00,1.25,1.4850000143051147,1.25,1.399999976158142,8124867,0.0,0.0
2024-07-10 00:00:00+01:00,1.399999976158142,1.6699999570846558,1.4299999475479126,1.5499999523162842,6340659,0.0,0.0
2024-07-11 00:00:00+01:00,1.5499999523162842,1.659999966621399,1.5099999904632568,1.600000023841858,3304337,0.0,0.0
2024-07-12 00:00:00+01:00,1.600000023841858,1.8899999856948853,1.5,1.75,8024465,0.0,0.0
2024-07-15 00:00:00+01:00,1.75,1.7949999570846558,1.6130000352859497,1.75,1094551,0.0,0.0
2024-07-16 00:00:00+01:00,1.75,1.7200000286102295,1.5,1.649999976158142,1276084,0.0,0.0
2024-07-17 00:00:00+01:00,1.649999976158142,1.5369999408721924,1.437999963760376,1.5,3147947,0.0,0.0
2024-07-18 00:00:00+01:00,1.649999976158142,1.7699999809265137,1.5770000219345093,1.600000023841858,3127661,0.0,0.0
2024-07-19 00:00:00+01:00,1.600000023841858,1.659999966621399,1.555999994277954,1.600000023841858,139731,0.0,0.0
2024-07-22 00:00:00+01:00,1.75,1.8849999904632568,1.5,1.5499999523162842,6650854,0.0,0.0
2024-07-23 00:00:00+01:00,1.5499999523162842,1.5,1.4930000305175781,1.4500000476837158,450333,0.0,0.0
2024-07-24 00:00:00+01:00,1.5,1.649999976158142,1.4390000104904175,1.5499999523162842,2082233,0.0,0.0
2024-07-25 00:00:00+01:00,1.5499999523162842,1.5989999771118164,1.4420000314712524,1.5,3551641,0.0,0.0
2024-07-26 00:00:00+01:00,1.5,1.409999966621399,1.409999966621399,1.5,50000,0.0,0.0
2024-07-29 00:00:00+01:00,1.5,1.590000033378601,1.4149999618530273,1.5,272730,0.0,0.0
2024-07-30 00:00:00+01:00,1.5,1.5470000505447388,1.5470000505447388,1.5,100000,0.0,0.0
2024-07-31 00:00:00+01:00,1.5,1.5,1.5,1.5,0,0.0,0.0
2024-08-01 00:00:00+01:00,1.5,1.5479999780654907,1.4149999618530273,1.5,1100001,0.0,0.0
2024-08-02 00:00:00+01:00,1.5,1.590000033378601,1.399999976158142,1.4500000476837158,250050,0.0,0.0
2024-08-05 00:00:00+01:00,1.4500000476837158,1.4500000476837158,1.399999976158142,1.399999976158142,165732,0.0,0.0
2024-08-06 00:00:00+01:00,1.399999976158142,1.475000023841858,1.309999942779541,1.399999976158142,1158659,0.0,0.0
2024-08-07 00:00:00+01:00,1.399999976158142,1.350000023841858,1.350000023841858,1.399999976158142,375000,0.0,0.0
2024-08-08 00:00:00+01:00,1.399999976158142,1.4900000095367432,1.2999999523162842,1.399999976158142,1901113,0.0,0.0
2024-08-09 00:00:00+01:00,1.399999976158142,1.3300000429153442,1.3300000429153442,1.399999976158142,53672,0.0,0.0
2024-08-12 00:00:00+01:00,1.399999976158142,1.4600000381469727,1.3240000009536743,1.399999976158142,398690,0.0,0.0
2024-08-13 00:00:00+01:00,1.399999976158142,1.3240000009536743,1.3240000009536743,1.399999976158142,343023,0.0,0.0
2024-08-14 00:00:00+01:00,1.399999976158142,1.309999942779541,1.309999942779541,1.399999976158142,2449,0.0,0.0
2024-08-15 00:00:00+01:00,1.399999976158142,1.3819999694824219,1.2999999523162842,1.350000023841858,650719,0.0,0.0
2024-08-16 00:00:00+01:00,1.350000023841858,1.3799999952316284,1.3799999952316284,1.350000023841858,234048,0.0,0.0
2024-08-19 00:00:00+01:00,1.350000023841858,1.3949999809265137,1.3899999856948853,1.350000023841858,50071,0.0,0.0
2024-08-20 00:00:00+01:00,1.350000023841858,1.399999976158142,1.350000023841858,1.350000023841858,949320,0.0,0.0
2024-08-21 00:00:00+01:00,1.399999976158142,1.309999942779541,1.2999999523162842,1.350000023841858,1185553,0.0,0.0
2024-08-22 00:00:00+01:00,1.350000023841858,1.3949999809265137,1.3739999532699585,1.350000023841858,175071,0.0,0.0
2024-08-23 00:00:00+01:00,1.350000023841858,1.3730000257492065,1.2999999523162842,1.350000023841858,130000,0.0,0.0
2024-08-27 00:00:00+01:00,1.350000023841858,1.3700000047683716,1.3009999990463257,1.350000023841858,102824,0.0,0.0
2024-08-28 00:00:00+01:00,1.350000023841858,1.3350000381469727,1.2000000476837158,1.25,680315,0.0,0.0
2024-08-29 00:00:00+01:00,1.25,1.2979999780654907,1.2949999570846558,1.25,19243,0.0,0.0
2024-08-30 00:00:00+01:00,1.25,1.2979999780654907,1.2230000495910645,1.25,83380,0.0,0.0
2024-09-02 00:00:00+01:00,1.25,1.5,1.2899999618530273,1.399999976158142,3427006,0.0,0.0
2024-09-03 00:00:00+01:00,1.399999976158142,1.399999976158142,1.399999976158142,1.399999976158142,0,0.0,0.0
2024-09-04 00:00:00+01:00,1.399999976158142,1.468000054359436,1.468000054359436,1.399999976158142,131000,0.0,0.0
2024-09-05 00:00:00+01:00,1.399999976158142,1.399999976158142,1.399999976158142,1.399999976158142,0,0.0,0.0
2024-09-06 00:00:00+01:00,1.399999976158142,1.399999976158142,1.399999976158142,1.399999976158142,0,0.0,0.0
2024-09-09 00:00:00+01:00,1.399999976158142,1.4900000095367432,1.4110000133514404,1.399999976158142,567523,0.0,0.0
2024-09-10 00:00:00+01:00,1.399999976158142,1.468000054359436,1.305999994277954,1.399999976158142,58740,0.0,0.0
2024-09-11 00:00:00+01:00,1.399999976158142,1.434000015258789,1.434000015258789,1.399999976158142,20920,0.0,0.0
2024-09-12 00:00:00+01:00,1.399999976158142,1.4229999780654907,1.4199999570846558,1.399999976158142,418881,0.0,0.0
2024-09-13 00:00:00+01:00,1.399999976158142,1.399999976158142,1.399999976158142,1.399999976158142,0,0.0,0.0
2024-09-16 00:00:00+01:00,1.399999976158142,1.4500000476837158,1.274999976158142,1.25,2527154,0.0,0.0
2024-09-17 00:00:00+01:00,1.25,1.2799999713897705,1.2000000476837158,1.25,69741,0.0,0.0
2024-09-18 00:00:00+01:00,1.149999976158142,1.2000000476837158,1.125,1.149999976158142,2346092,0.0,0.0
2024-09-19 00:00:00+01:00,1.149999976158142,1.25,1.1399999856948853,1.2000000476837158,622445,0.0,0.0
2024-09-20 00:00:00+01:00,1.2000000476837158,1.25,1.100000023841858,1.149999976158142,1771717,0.0,0.0
2024-09-23 00:00:00+01:00,1.149999976158142,1.1649999618530273,1.100000023841858,1.149999976158142,372040,0.0,0.0
2024-09-24 00:00:00+01:00,1.149999976158142,1.149999976158142,1.149999976158142,1.149999976158142,0,0.0,0.0
2024-09-25 00:00:00+01:00,1.149999976158142,1.1950000524520874,1.0499999523162842,1.125,1007840,0.0,0.0
2024-09-26 00:00:00+01:00,1.125,1.1399999856948853,1.1380000114440918,1.125,318912,0.0,0.0
2024-09-27 00:00:00+01:00,1.125,1.100000023841858,1.0,1.0499999523162842,5293792,0.0,0.0
2024-09-30 00:00:00+01:00,1.0499999523162842,1.100000023841858,1.003000020980835,1.0499999523162842,677264,0.0,0.0
2024-10-01 00:00:00+01:00,1.0499999523162842,1.100000023841858,1.0,1.0499999523162842,779875,0.0,0.0
2024-10-02 00:00:00+01:00,1.0499999523162842,1.0499999523162842,1.0499999523162842,1.0499999523162842,0,0.0,0.0
2024-10-03 00:00:00+01:00,1.0499999523162842,1.0950000286102295,1.0479999780654907,1.0499999523162842,162455,0.0,0.0
2024-10-04 00:00:00+01:00,1.0499999523162842,1.0499999523162842,1.0499999523162842,1.0499999523162842,26,0.0,0.0
2024-10-07 00:00:00+01:00,1.0499999523162842,1.0880000591278076,0.9150000214576721,1.024999976158142,3016643,0.0,0.0
2024-10-08 00:00:00+01:00,1.024999976158142,1.0379999876022339,1.0,1.024999976158142,225500,0.0,0.0
2024-10-09 00:00:00+01:00,1.024999976158142,1.034999966621399,1.034999966621399,1.024999976158142,20000,0.0,0.0
2024-10-10 00:00:00+01:00,1.024999976158142,1.0,1.0,1.024999976158142,60834,0.0,0.0
2024-10-11 00:00:00+01:00,1.024999976158142,1.0010000467300415,1.0,0.9750000238418579,545845,0.0,0.0
2024-10-14 00:00:00+01:00,0.9750000238418579,1.0019999742507935,0.925000011920929,0.9750000238418579,1343260,0.0,0.0
2024-10-15 00:00:00+01:00,0.9750000238418579,1.024999976158142,0.9620000123977661,0.949999988079071,63451,0.0,0.0
2024-10-16 00:00:00+01:00,0.9620000123977661,1.0399999618530273,0.9649999737739563,1.0,1837975,0.0,0.0
2024-10-17 00:00:00+01:00,1.0,1.0499999523162842,1.0499999523162842,1.0,1421,0.0,0.0
2024-10-18 00:00:00+01:00,1.0,1.0,1.0,1.0,0,0.0,0.0
2024-10-21 00:00:00+01:00,1.0,0.9800000190734863,0.9129999876022339,0.925000011920929,2353149,0.0,0.0
2024-10-22 00:00:00+01:00,0.925000011920929,0.949999988079071,0.9300000071525574,0.925000011920929,260491,0.0,0.0
2024-10-23 00:00:00+01:00,0.925000011920929,0.9129999876022339,0.8999999761581421,0.925000011920929,454014,0.0,0.0
2024-10-24 00:00:00+01:00,0.925000011920929,0.9449999928474426,0.9129999876022339,0.925000011920929,250002,0.0,0.0
2024-10-25 00:00:00+01:00,0.925000011920929,0.9139999747276306,0.9139999747276306,0.925000011920929,78357,0.0,0.0
2024-10-28 00:00:00+00:00,0.925000011920929,0.9129999876022339,0.9129999876022339,0.925000011920929,90000,0.0,0.0
2024-10-29 00:00:00+00:00,0.925000011920929,0.9700000286102295,0.949999988079071,0.949999988079071,1159852,0.0,0.0
2024-10-30 00:00:00+00:00,0.949999988079071,0.9649999737739563,0.9129999876022339,0.949999988079071,100323,0.0,0.0
2024-10-31 00:00:00+00:00,0.949999988079071,0.9649999737739563,0.9129999876022339,0.949999988079071,315356,0.0,0.0
2024-11-01 00:00:00+00:00,0.949999988079071,0.949999988079071,0.949999988079071,0.949999988079071,0,0.0,0.0
2024-11-04 00:00:00+00:00,0.949999988079071,0.9490000009536743,0.9490000009536743,0.949999988079071,104220,0.0,0.0
2024-11-05 00:00:00+00:00,0.949999988079071,0.9890000224113464,0.9200000166893005,0.925000011920929,124917,0.0,0.0
2024-11-06 00:00:00+00:00,0.925000011920929,0.9470000267028809,0.9179999828338623,0.925000011920929,244132,0.0,0.0
2024-11-07 00:00:00+00:00,0.925000011920929,0.9179999828338623,0.9179999828338623,0.925000011920929,49234,0.0,0.0
2024-11-08 00:00:00+00:00,0.925000011920929,0.925000011920929,0.925000011920929,0.925000011920929,0,0.0,0.0
2024-11-11 00:00:00+00:00,0.925000011920929,0.9419999718666077,0.9200000166893005,0.925000011920929,292462,0.0,0.0
2024-11-12 00:00:00+00:00,0.925000011920929,0.8999999761581421,0.8999999761581421,0.925000011920929,99306,0.0,0.0
2024-11-13 00:00:00+00:00,0.925000011920929,0.8999999761581421,0.8999999761581421,0.925000011920929,100026,0.0,0.0
2024-11-14 00:00:00+00:00,0.925000011920929,0.9010000228881836,0.8999999761581421,0.925000011920929,105494,0.0,0.0
2024-11-15 00:00:00+00:00,0.925000011920929,0.9049999713897705,0.9049999713897705,0.925000011920929,63761,0.0,0.0
2024-11-18 00:00:00+00:00,0.925000011920929,0.8999999761581421,0.8999999761581421,0.925000011920929,1795,0.0,0.0
2024-11-19 00:00:00+00:00,0.925000011920929,0.8999999761581421,0.8999999761581421,0.925000011920929,13,0.0,0.0
2024-11-20 00:00:00+00:00,0.925000011920929,0.9330000281333923,0.8899999856948853,0.925000011920929,310193,0.0,0.0
2024-11-21 00:00:00+00:00,0.925000011920929,0.9100000262260437,0.8899999856948853,0.8500000238418579,345192,0.0,0.0
2024-11-22 00:00:00+00:00,0.8500000238418579,0.8379999995231628,0.824999988079071,0.824999988079071,1581866,0.0,0.0
2024-11-25 00:00:00+00:00,0.824999988079071,0.8169999718666077,0.7950000166893005,0.7749999761581421,1800000,0.0,0.0
2024-11-26 00:00:00+00:00,0.7749999761581421,0.7789999842643738,0.7300000190734863,0.7749999761581421,1673916,0.0,0.0
2024-11-27 00:00:00+00:00,0.7749999761581421,0.75,0.550000011920929,0.550000011920929,7540649,0.0,0.0
2024-11-28 00:00:00+00:00,0.550000011920929,0.6399999856948853,0.550000011920929,0.574999988079071,5171871,0.0,0.0
2024-11-29 00:00:00+00:00,0.574999988079071,0.574999988079071,0.574999988079071,0.574999988079071,0,0.0,0.0
2024-12-02 00:00:00+00:00,0.574999988079071,0.5699999928474426,0.5699999928474426,0.574999988079071,41556,0.0,0.0
2024-12-03 00:00:00+00:00,0.574999988079071,0.574999988079071,0.574999988079071,0.574999988079071,0,0.0,0.0
2024-12-04 00:00:00+00:00,0.574999988079071,0.5789999961853027,0.550000011920929,0.550000011920929,2235191,0.0,0.0
2024-12-05 00:00:00+00:00,0.550000011920929,0.6000000238418579,0.5249999761581421,0.550000011920929,1645090,0.0,0.0
2024-12-06 00:00:00+00:00,0.550000011920929,0.550000011920929,0.550000011920929,0.550000011920929,0,0.0,0.0
2024-12-09 00:00:00+00:00,0.550000011920929,0.5559999942779541,0.5,0.550000011920929,331368,0.0,0.0
2024-12-10 00:00:00+00:00,0.550000011920929,0.6000000238418579,0.5799999833106995,0.550000011920929,581662,0.0,0.0
2024-12-11 00:00:00+00:00,0.6000000238418579,0.6380000114440918,0.6000000238418579,0.6000000238418579,324093,0.0,0.0
2024-12-12 00:00:00+00:00,0.6000000238418579,0.6330000162124634,0.5699999928474426,0.6000000238418579,652992,0.0,0.0
2024-12-13 00:00:00+00:00,0.6000000238418579,0.6200000047683716,0.6200000047683716,0.6000000238418579,16774,0.0,0.0
2024-12-16 00:00:00+00:00,0.6000000238418579,0.6200000047683716,0.5519999861717224,0.6000000238418579,258723,0.0,0.0
2024-12-17 00:00:00+00:00,0.6000000238418579,0.5600000023841858,0.5600000023841858,0.6000000238418579,54284,0.0,0.0
2024-12-18 00:00:00+00:00,0.6000000238418579,0.6000000238418579,0.6000000238418579,0.6000000238418579,0,0.0,0.0
2024-12-19 00:00:00+00:00,0.6000000238418579,0.5600000023841858,0.5600000023841858,0.6000000238418579,63367,0.0,0.0
2024-12-20 00:00:00+00:00,0.6000000238418579,0.6000000238418579,0.6000000238418579,0.6000000238418579,0,0.0,0.0
2024-12-23 00:00:00+00:00,0.6000000238418579,0.6000000238418579,0.6000000238418579,0.6000000238418579,0,0.0,0.0
2024-12-24 00:00:00+00:00,0.6000000238418579,0.6100000143051147,0.6100000143051147,0.6000000238418579,508,0.0,0.0
2024-12-27 00:00:00+00:00,0.6000000238418579,0.6079999804496765,0.6079999804496765,0.6000000238418579,26663,0.0,0.0
2024-12-30 00:00:00+00:00,0.6000000238418579,0.6000000238418579,0.6000000238418579,0.6000000238418579,0,0.0,0.0
2024-12-31 00:00:00+00:00,0.6000000238418579,0.6000000238418579,0.6000000238418579,0.6000000238418579,50455,0.0,0.0
2025-01-02 00:00:00+00:00,0.6000000238418579,0.6000000238418579,0.6000000238418579,0.6000000238418579,0,0.0,0.0
2025-01-03 00:00:00+00:00,0.6000000238418579,0.5799999833106995,0.5,0.550000011920929,797180,0.0,0.0
2025-01-06 00:00:00+00:00,0.550000011920929,0.6000000238418579,0.578000009059906,0.550000011920929,436374,0.0,0.0
2025-01-07 00:00:00+00:00,0.550000011920929,0.6000000238418579,0.6000000238418579,0.550000011920929,16825,0.0,0.0
2025-01-08 00:00:00+00:00,0.550000011920929,0.6000000238418579,0.6000000238418579,0.550000011920929,22433,0.0,0.0
2025-01-09 00:00:00+00:00,0.550000011920929,0.550000011920929,0.550000011920929,0.5249999761581421,221144,0.0,0.0
2025-01-10 00:00:00+00:00,0.5249999761581421,0.550000011920929,0.5210000276565552,0.550000011920929,450011,0.0,0.0
2025-01-13 00:00:00+00:00,0.550000011920929,0.550000011920929,0.550000011920929,0.550000011920929,0,0.0,0.0
2025-01-14 00:00:00+00:00,0.550000011920929,0.550000011920929,0.550000011920929,0.550000011920929,0,0.0,0.0
2025-01-15 00:00:00+00:00,0.550000011920929,0.6389999985694885,0.5979999899864197,0.625,1199948,0.0,0.0
2025-01-16 00:00:00+00:00,0.625,0.640999972820282,0.6050000190734863,0.625,673366,0.0,0.0
2025-01-17 00:00:00+00:00,0.625,0.6499999761581421,0.6399999856948853,0.625,456989,0.0,0.0
2025-01-20 00:00:00+00:00,0.625,0.6499999761581421,0.6019999980926514,0.625,456512,0.0,0.0
2025-01-21 00:00:00+00:00,0.625,0.6499999761581421,0.6499999761581421,0.625,996786,0.0,0.0
2025-01-22 00:00:00+00:00,0.625,0.6499999761581421,0.6000000238418579,0.625,2003935,0.0,0.0
2025-01-23 00:00:00+00:00,0.625,0.6449999809265137,0.6399999856948853,0.625,995765,0.0,0.0
2025-01-24 00:00:00+00:00,0.625,0.6389999985694885,0.6380000114440918,0.625,222646,0.0,0.0
2025-01-27 00:00:00+00:00,0.625,0.6399999856948853,0.6370000243186951,0.625,1310167,0.0,0.0
2025-01-28 00:00:00+00:00,0.625,0.6499999761581421,0.6000000238418579,0.625,2528893,0.0,0.0
2025-01-29 00:00:00+00:00,0.625,0.6470000147819519,0.6470000147819519,0.625,357032,0.0,0.0
2025-01-30 00:00:00+00:00,0.625,0.6470000147819519,0.6200000047683716,0.625,273145,0.0,0.0
2025-01-31 00:00:00+00:00,0.625,0.6470000147819519,0.6200000047683716,0.625,377279,0.0,0.0
2025-02-03 00:00:00+00:00,0.625,0.6209999918937683,0.6209999918937683,0.625,33,0.0,0.0
2025-02-04 00:00:00+00:00,0.625,0.6190000176429749,0.6190000176429749,0.625,323100,0.0,0.0
2025-02-05 00:00:00+00:00,0.625,0.6209999918937683,0.5899999737739563,0.574999988079071,3040754,0.0,0.0
2025-02-06 00:00:00+00:00,0.574999988079071,0.5899999737739563,0.550000011920929,0.574999988079071,787210,0.0,0.0
2025-02-07 00:00:00+00:00,0.574999988079071,0.5879999995231628,0.5879999995231628,0.574999988079071,170212,0.0,0.0
2025-02-10 00:00:00+00:00,0.5849999785423279,0.5849999785423279,0.5830000042915344,0.574999988079071,201518,0.0,0.0
2025-02-11 00:00:00+00:00,0.574999988079071,0.5830000042915344,0.5820000171661377,0.574999988079071,1577851,0.0,0.0
2025-02-12 00:00:00+00:00,0.625,0.6169999837875366,0.5299999713897705,0.5249999761581421,1780138,0.0,0.0
2025-02-13 00:00:00+00:00,0.5249999761581421,0.550000011920929,0.5239999890327454,0.5249999761581421,2369364,0.0,0.0
2025-02-14 00:00:00+00:00,0.5249999761581421,0.550000011920929,0.5329999923706055,0.5249999761581421,194678,0.0,0.0
2025-02-17 00:00:00+00:00,0.5249999761581421,0.5249999761581421,0.5249999761581421,0.5249999761581421,0,0.0,0.0
2025-02-18 00:00:00+00:00,0.5249999761581421,0.5249999761581421,0.5249999761581421,0.5249999761581421,0,0.0,0.0
2025-02-19 00:00:00+00:00,0.5249999761581421,0.5249999761581421,0.5249999761581421,0.5249999761581421,0,0.0,0.0
2025-02-20 00:00:00+00:00,0.5249999761581421,0.5699999928474426,0.5180000066757202,0.5350000262260437,300733,0.0,0.0
2025-02-21 00:00:00+00:00,0.5350000262260437,0.5699999928474426,0.42500001192092896,0.4749999940395355,3193146,0.0,0.0
2025-02-24 00:00:00+00:00,0.4749999940395355,0.4950000047683716,0.45100000500679016,0.4749999940395355,2282128,0.0,0.0
2025-02-25 00:00:00+00:00,0.4749999940395355,0.4749999940395355,0.4749999940395355,0.4749999940395355,0,0.0,0.0
2025-02-26 00:00:00+00:00,0.4749999940395355,0.48899999260902405,0.48899999260902405,0.49799999594688416,1000000,0.0,0.0
2025-02-27 00:00:00+00:00,0.5230000019073486,0.5419999957084656,0.5,0.5230000019073486,2413310,0.0,0.0
2025-02-28 00:00:00+00:00,0.5230000019073486,0.5419999957084656,0.5419999957084656,0.5230000019073486,33,0.0,0.0
2025-03-03 00:00:00+00:00,0.5230000019073486,0.5400000214576721,0.5400000214576721,0.5249999761581421,277541,0.0,0.0
2025-03-04 00:00:00+00:00,0.5249999761581421,0.550000011920929,0.5019999742507935,0.5249999761581421,518,0.0,0.0
2025-03-05 00:00:00+00:00,0.5249999761581421,0.5,0.5,0.5249999761581421,1146,0.0,0.0
2025-03-06 00:00:00+00:00,0.5249999761581421,0.550000011920929,0.5,0.5249999761581421,182775,0.0,0.0
2025-03-07 00:00:00+00:00,0.5249999761581421,0.5370000004768372,0.5,0.5249999761581421,104525,0.0,0.0
2025-03-10 00:00:00+00:00,0.5249999761581421,0.5360000133514404,0.5,0.5249999761581421,131531,0.0,0.0
2025-03-11 00:00:00+00:00,0.5249999761581421,0.5,0.5,0.5249999761581421,3,0.0,0.0
2025-03-12 00:00:00+00:00,0.5249999761581421,0.5440000295639038,0.5,0.5249999761581421,1413165,0.0,0.0
2025-03-13 00:00:00+00:00,0.5249999761581421,0.5339999794960022,0.5339999794960022,0.5249999761581421,300000,0.0,0.0
2025-03-14 00:00:00+00:00,0.5249999761581421,0.5339999794960022,0.5339999794960022,0.5249999761581421,50000,0.0,0.0
2025-03-17 00:00:00+00:00,0.5249999761581421,0.5329999923706055,0.5019999742507935,0.5249999761581421,63333,0.0,0.0
2025-03-18 00:00:00+00:00,0.5249999761581421,0.5320000052452087,0.5320000052452087,0.5249999761581421,50000,0.0,0.0
2025-03-19 00:00:00+00:00,0.5249999761581421,0.5320000052452087,0.5320000052452087,0.5249999761581421,187969,0.0,0.0
2025-03-20 00:00:00+00:00,0.5249999761581421,0.5249999761581421,0.5249999761581421,0.5249999761581421,0,0.0,0.0
2025-03-21 00:00:00+00:00,0.5249999761581421,0.5049999952316284,0.5,0.5249999761581421,352965,0.0,0.0
2025-03-24 00:00:00+00:00,0.5249999761581421,0.5329999923706055,0.5,0.5249999761581421,239578,0.0,0.0
2025-03-25 00:00:00+00:00,0.5249999761581421,0.5019999742507935,0.41499999165534973,0.4650000035762787,3305462,0.0,0.0
2025-03-26 00:00:00+00:00,0.4650000035762787,0.46000000834465027,0.46000000834465027,0.4749999940395355,343268,0.0,0.0
2025-03-27 00:00:00+00:00,0.4749999940395355,0.4620000123977661,0.44999998807907104,0.4749999940395355,1209512,0.0,0.0
2025-03-28 00:00:00+00:00,0.4749999940395355,0.46000000834465027,0.4399999976158142,0.42500001192092896,488626,0.0,0.0
2025-03-31 00:00:00+01:00,0.42500001192092896,0.4390000104904175,0.4390000104904175,0.42500001192092896,175000,0.0,0.0
2025-04-01 00:00:00+01:00,0.42500001192092896,0.4390000104904175,0.4390000104904175,0.42500001192092896,17103,0.0,0.0
2025-04-02 00:00:00+01:00,0.42500001192092896,0.42500001192092896,0.42500001192092896,0.42500001192092896,0,0.0,0.0
2025-04-03 00:00:00+01:00,0.4449999928474426,0.46799999475479126,0.42100000381469727,0.45500001311302185,3324370,0.0,0.0
2025-04-04 00:00:00+01:00,0.45500001311302185,0.4749999940395355,0.45100000500679016,0.4699999988079071,1350493,0.0,0.0
2025-04-07 00:00:00+01:00,0.4699999988079071,0.47200000286102295,0.47200000286102295,0.4699999988079071,21080,0.0,0.0
2025-04-08 00:00:00+01:00,0.4699999988079071,0.45100000500679016,0.45100000500679016,0.4699999988079071,146149,0.0,0.0
2025-04-09 00:00:00+01:00,0.4749999940395355,0.45100000500679016,0.45100000500679016,0.4699999988079071,159647,0.0,0.0
2025-04-10 00:00:00+01:00,0.4699999988079071,0.4699999988079071,0.4699999988079071,0.4699999988079071,1056211,0.0,0.0
2025-04-11 00:00:00+01:00,0.4699999988079071,0.4690000116825104,0.4300000071525574,0.4650000035762787,1750000,0.0,0.0
2025-04-14 00:00:00+01:00,0.4650000035762787,0.46700000762939453,0.46299999952316284,0.4650000035762787,442146,0.0,0.0
2025-04-15 00:00:00+01:00,0.4650000035762787,0.46299999952316284,0.460999995470047,0.4650000035762787,1400000,0.0,0.0
2025-04-16 00:00:00+01:00,0.4650000035762787,0.4650000035762787,0.4650000035762787,0.4650000035762787,0,0.0,0.0
2025-04-17 00:00:00+01:00,0.4650000035762787,0.46299999952316284,0.4000000059604645,0.42500001192092896,2849062,0.0,0.0
2025-04-22 00:00:00+01:00,0.42500001192092896,0.44999998807907104,0.4399999976158142,0.42500001192092896,20688,0.0,0.0
2025-04-23 00:00:00+01:00,0.42500001192092896,0.4000000059604645,0.33000001311302185,0.375,3367767,0.0,0.0
2025-04-24 00:00:00+01:00,0.375,0.37400001287460327,0.25,0.25999999046325684,4043338,0.0,0.0
2025-04-25 00:00:00+01:00,0.25999999046325684,0.25999999046325684,0.25,0.2549999952316284,2138447,0.0,0.0
2025-04-28 00:00:00+01:00,0.2549999952316284,0.257999986410141,0.257999986410141,0.2549999952316284,145783,0.0,0.0
2025-04-29 00:00:00+01:00,0.2549999952316284,0.25999999046325684,0.257999986410141,0.2549999952316284,205000,0.0,0.0
2025-04-30 00:00:00+01:00,0.2549999952316284,0.25200000405311584,0.18000000715255737,0.1899999976158142,2565955,0.0,0.0
2025-05-01 00:00:00+01:00,0.1899999976158142,0.1940000057220459,0.18000000715255737,0.1899999976158142,223043,0.0,0.0
2025-05-02 00:00:00+01:00,0.1899999976158142,0.18000000715255737,0.1550000011920929,0.17000000178813934,1532877,0.0,0.0
2025-05-06 00:00:00+01:00,0.1899999976158142,0.1899999976158142,0.1599999964237213,0.16500000655651093,1266500,0.0,0.0
2025-05-07 00:00:00+01:00,0.16500000655651093,0.17599999904632568,0.15000000596046448,0.16500000655651093,426853,0.0,0.0
2025-05-08 00:00:00+01:00,0.16500000655651093,0.17299999296665192,0.15000000596046448,0.16500000655651093,508469,0.0,0.0
2025-05-09 00:00:00+01:00,0.16500000655651093,0.17100000381469727,0.17100000381469727,0.16500000655651093,50000,0.0,0.0
2025-05-12 00:00:00+01:00,0.16500000655651093,0.15700000524520874,0.15000000596046448,0.1550000011920929,745080,0.0,0.0
2025-05-13 00:00:00+01:00,0.1550000011920929,0.1599999964237213,0.15600000321865082,0.1550000011920929,251812,0.0,0.0
2025-05-14 00:00:00+01:00,0.1550000011920929,0.1550000011920929,0.1550000011920929,0.1550000011920929,0,0.0,0.0
2025-05-15 00:00:00+01:00,0.1550000011920929,0.15600000321865082,0.15600000321865082,0.14499999582767487,10949,0.0,0.0
2025-05-16 00:00:00+01:00,0.14499999582767487,0.15000000596046448,0.15000000596046448,0.14499999582767487,20000,0.0,0.0
2025-05-19 00:00:00+01:00,0.14499999582767487,0.14499999582767487,0.14499999582767487,0.14499999582767487,0,0.0,0.0
2025-05-20 00:00:00+01:00,0.14499999582767487,0.14900000393390656,0.14000000059604645,0.14499999582767487,1430990,0.0,0.0
2025-05-21 00:00:00+01:00,0.14499999582767487,0.15000000596046448,0.15000000596046448,0.15000000596046448,333333,0.0,0.0
2025-05-22 00:00:00+01:00,0.15000000596046448,0.15000000596046448,0.15000000596046448,0.15000000596046448,20000,0.0,0.0
2025-05-23 00:00:00+01:00,0.15000000596046448,0.14000000059604645,0.13099999725818634,0.13500000536441803,1567609,0.0,0.0
2025-05-27 00:00:00+01:00,0.13500000536441803,0.14000000059604645,0.12999999523162842,0.13500000536441803,886242,0.0,0.0
2025-05-28 00:00:00+01:00,0.13500000536441803,0.14000000059604645,0.13199999928474426,0.14000000059604645,9005000,0.0,0.0
2025-05-29 00:00:00+01:00,0.14000000059604645,0.16899999976158142,0.14900000393390656,0.1550000011920929,3494825,0.0,0.0
2025-05-30 00:00:00+01:00,0.1550000011920929,0.17399999499320984,0.12999999523162842,0.16500000655651093,10839507,0.0,0.0
2025-06-02 00:00:00+01:00,0.16500000655651093,0.17399999499320984,0.1550000011920929,0.16500000655651093,2721426,0.0,0.0
2025-06-03 00:00:00+01:00,0.16500000655651093,0.19900000095367432,0.17000000178813934,0.1850000023841858,5396790,0.0,0.0
2025-06-04 00:00:00+01:00,0.1850000023841858,0.19900000095367432,0.19900000095367432,0.1850000023841858,368917,0.0,0.0
2025-06-05 00:00:00+01:00,0.1850000023841858,0.1850000023841858,0.1850000023841858,0.1850000023841858,0,0.0,0.0
2025-06-06 00:00:00+01:00,0.1850000023841858,0.17299999296665192,0.17299999296665192,0.1850000023841858,85398,0.0,0.0
2025-06-09 00:00:00+01:00,0.1850000023841858,0.20000000298023224,0.17299999296665192,0.1850000023841858,241195,0.0,0.0
2025-06-10 00:00:00+01:00,0.1850000023841858,0.1809999942779541,0.1809999942779541,0.1850000023841858,381067,0.0,0.0
2025-06-11 00:00:00+01:00,0.1850000023841858,0.1850000023841858,0.1850000023841858,0.1850000023841858,0,0.0,0.0
2025-06-12 00:00:00+01:00,0.1850000023841858,0.20000000298023224,0.17499999701976776,0.1850000023841858,120115,0.0,0.0
2025-06-13 00:00:00+01:00,0.1850000023841858,0.1850000023841858,0.1850000023841858,0.1850000023841858,0,0.0,0.0
2025-06-16 00:00:00+01:00,0.1850000023841858,0.1720000058412552,0.1599999964237213,0.17000000178813934,3500356,0.0,0.0
2025-06-17 00:00:00+01:00,0.17000000178813934,0.17000000178813934,0.17000000178813934,0.17000000178813934,0,0.0,0.0
2025-06-18 00:00:00+01:00,0.16500000655651093,0.17499999701976776,0.17499999701976776,0.17000000178813934,270000,0.0,0.0
2025-06-19 00:00:00+01:00,0.17000000178813934,0.17499999701976776,0.17499999701976776,0.17000000178813934,50034,0.0,0.0
2025-06-20 00:00:00+01:00,0.17000000178813934,0.17499999701976776,0.17299999296665192,0.17000000178813934,374473,0.0,0.0
2025-06-23 00:00:00+01:00,0.17000000178813934,0.23999999463558197,0.16099999845027924,0.22499999403953552,10571973,0.0,0.0
2025-06-24 00:00:00+01:00,0.22499999403953552,0.25,0.22200000286102295,0.23000000417232513,1548032,0.0,0.0
2025-06-25 00:00:00+01:00,0.23000000417232513,0.25,0.2280000001192093,0.23000000417232513,627800,0.0,0.0
2025-06-26 00:00:00+01:00,0.23000000417232513,0.25999999046325684,0.23000000417232513,0.23999999463558197,1334731,0.0,0.0
2025-06-27 00:00:00+01:00,0.23999999463558197,0.33000001311302185,0.25999999046325684,0.27000001072883606,15238818,0.0,0.0
2025-06-30 00:00:00+01:00,0.27000001072883606,0.39500001072883606,0.2549999952316284,0.33000001311302185,23456282,0.0,0.0
2025-07-01 00:00:00+01:00,0.3499999940395355,0.6000000238418579,0.2199999988079071,0.30000001192092896,37925969,0.0,0.0
2025-07-02 00:00:00+01:00,0.30000001192092896,0.3269999921321869,0.17499999701976776,0.20000000298023224,8669064,0.0,0.0
2025-07-03 00:00:00+01:00,0.20000000298023224,0.25,0.1850000023841858,0.20000000298023224,1564842,0.0,0.0
2025-07-04 00:00:00+01:00,0.20000000298023224,0.19200000166893005,0.19200000166893005,0.20000000298023224,778348,0.0,0.0
